id,name,abn,acn,icn,website,description,org_type,legal_structure,sector,state,city,postcode,geographic_focus,certifications,sources,source_primary,enriched_at,profile_confidence,created_at,updated_at,target_beneficiaries,logo_url,business_model
a172cad2-6dfe-4d92-8381-0add2ccdd86d,Our Work,,,,,,social_enterprise,,{community},QLD,,,,[],"[{""url"": ""https://www.qsec.org.au/members"", ""source"": ""qsec"", ""scraped_at"": ""2026-05-09T09:41:05.443Z""}]",qsec,,low,2026-03-12 06:54:45.096713+00,2026-03-12 06:54:45.096713+00,,,
15ed4222-cf3f-4769-8f20-9f84604a8ee9,Queensland Social Enterprise Awards,,,,https://queenslandsocialenterpriseawards.com.au/,,social_enterprise,,{community},QLD,,,,[],"[{""url"": ""https://www.qsec.org.au/members"", ""source"": ""qsec"", ""scraped_at"": ""2026-05-09T09:41:05.443Z""}]",qsec,,low,2026-03-12 06:54:45.096713+00,2026-03-12 06:54:45.096713+00,,,
84198b4c-a58c-48d5-8c3e-073f9e8a0ffc,QSEC Stories,,,,https://www.qsec.org.au/stories/,,social_enterprise,,{community},QLD,,,,[],"[{""url"": ""https://www.qsec.org.au/members"", ""source"": ""qsec"", ""scraped_at"": ""2026-05-09T09:41:05.443Z""}]",qsec,2026-03-12 20:08:17.69+00,medium,2026-03-12 06:54:45.096713+00,2026-03-12 06:54:45.096713+00,,,
39a0fe09-3be9-4aee-93e9-ff1ab905688a,Creating a Diverse Workforce,,,,https://diverseworkforce.qsec.org.au/,,social_enterprise,,{employment},QLD,,,,[],"[{""url"": ""https://www.qsec.org.au/members"", ""source"": ""qsec"", ""scraped_at"": ""2026-05-09T09:41:05.443Z""}]",qsec,,low,2026-03-12 06:54:45.096713+00,2026-03-12 06:54:45.096713+00,,,
91ad8601-ba82-46b7-9091-b78376364239,Membership,,,,https://www.qsec.org.au/membership/,,social_enterprise,,{community},QLD,,,,[],"[{""url"": ""https://www.qsec.org.au/members"", ""source"": ""qsec"", ""scraped_at"": ""2026-05-09T09:41:05.443Z""}]",qsec,,low,2026-03-12 06:54:45.096713+00,2026-03-12 06:54:45.096713+00,,,
1c5d168a-58f9-4c14-aeac-cf69df67ed9b,Joining QSEC,,,,,,social_enterprise,,{community},QLD,,,,[],"[{""url"": ""https://www.qsec.org.au/members"", ""source"": ""qsec"", ""scraped_at"": ""2026-05-09T09:41:05.443Z""}]",qsec,,low,2026-03-12 06:54:45.096713+00,2026-03-12 06:54:45.096713+00,,,
09c840e7-c26e-4c80-bb9d-86fbfc59bd26,Become A Member,,,,https://www.qsec.org.au/membership/,,social_enterprise,,{community},QLD,,,,[],"[{""url"": ""https://www.qsec.org.au/members"", ""source"": ""qsec"", ""scraped_at"": ""2026-05-09T09:41:05.444Z""}]",qsec,,low,2026-03-12 06:54:45.096713+00,2026-03-12 06:54:45.096713+00,,,
11d12afb-4caa-4bbe-bba5-0a3f5222d3e8,Verification,,,,https://www.qsec.org.au/verification/,,social_enterprise,,{community},QLD,,,,[],"[{""url"": ""https://www.qsec.org.au/members"", ""source"": ""qsec"", ""scraped_at"": ""2026-05-09T09:41:05.444Z""}]",qsec,2026-03-12 20:08:24.228+00,high,2026-03-12 06:54:45.096713+00,2026-03-12 06:54:45.096713+00,,,
9bc8a7a5-316a-4bc4-8452-28014cd8d365,Log In,,,,https://www.qsec.org.au/log-in/,,social_enterprise,,{community},QLD,,,{QLD},[],"[{""url"": ""https://www.qsec.org.au/members"", ""source"": ""qsec"", ""scraped_at"": ""2026-05-09T09:41:05.444Z""}]",qsec,2026-03-12 21:55:05.131+00,medium,2026-03-12 06:54:45.096713+00,2026-03-12 06:54:45.096713+00,"{""social enterprises"",""social enterprise employees"",""nonprofit organisations"",""Queensland businesses""}",,"QSEC earns revenue through membership fees paid by social enterprise members, which funds support services, events, and advocacy for the sector."
e3b152bd-d14b-415b-86dd-98264cf8fa96,Board Members,,,,https://www.sasec.org.au/about/board,,social_enterprise,,{community},SA,,,{SA},[],"[{""url"": ""https://www.sasec.org.au/members"", ""source"": ""sasec"", ""scraped_at"": ""2026-05-09T09:41:09.740Z""}]",sasec,2026-03-12 21:52:46.489+00,low,2026-03-12 06:54:51.383359+00,2026-03-12 06:54:51.383359+00,"{""social enterprises"",""people facing employment barriers"",""charitable organisations"",""small businesses"",""community groups""}",,"SASEC likely operates as a member-based organisation or peak body supporting social enterprises through advocacy, networking, and capacity building services."
e2f7370a-9845-4ce2-9bee-6aa2e1a882a9,Business for Good 25-27,,,,https://www.sasec.org.au/Businessforgood,,social_enterprise,,{community},SA,,,,[],"[{""url"": ""https://www.sasec.org.au/members"", ""source"": ""sasec"", ""scraped_at"": ""2026-05-09T09:41:09.740Z""}]",sasec,,low,2026-03-12 06:54:51.383359+00,2026-03-12 06:54:51.383359+00,,,
28eca762-7b44-48a7-8a68-4564327efe0d,Stage 1 Vision,,,,https://www.sasec.org.au/resource-library/vision,,social_enterprise,,{community},SA,,,,[],"[{""url"": ""https://www.sasec.org.au/members"", ""source"": ""sasec"", ""scraped_at"": ""2026-05-09T09:41:09.740Z""}]",sasec,2026-03-12 20:02:28.745+00,low,2026-03-12 06:54:51.383359+00,2026-03-12 06:54:51.383359+00,,,
8d8870c6-3cfa-422d-bc2c-5267769e4ea2,Stage 2 Validation,,,,https://www.sasec.org.au/resource-library/validation,,social_enterprise,,{community},SA,,,"{SA,""South Australia""}",[],"[{""url"": ""https://www.sasec.org.au/members"", ""source"": ""sasec"", ""scraped_at"": ""2026-05-09T09:41:09.740Z""}]",sasec,2026-03-12 21:50:37.61+00,medium,2026-03-12 06:54:51.383359+00,2026-03-12 06:54:51.383359+00,"{""new social enterprises"",""existing social enterprises"",startups,""businesses transitioning to social enterprise"",""social entrepreneurs""}",,The validation program likely operates as a government-funded or membership-supported initiative providing advisory services and accreditation to social enterprises in South Australia.
f0518b43-d683-429f-9d1c-c800ab679b89,Stage 3 Development,,,,https://www.sasec.org.au/resource-library/development,,social_enterprise,,{community},SA,,,,[],"[{""url"": ""https://www.sasec.org.au/members"", ""source"": ""sasec"", ""scraped_at"": ""2026-05-09T09:41:09.740Z""}]",sasec,,low,2026-03-12 06:54:51.383359+00,2026-03-12 06:54:51.383359+00,,,
5f5b9d02-43ed-4e15-aa00-1c7590c5a537,Stage 4 Growth,,,,https://www.sasec.org.au/resource-library/growth,,social_enterprise,,{community},SA,,,,[],"[{""url"": ""https://www.sasec.org.au/members"", ""source"": ""sasec"", ""scraped_at"": ""2026-05-09T09:41:09.740Z""}]",sasec,,low,2026-03-12 06:54:51.383359+00,2026-03-12 06:54:51.383359+00,,,
d56ccd8b-87a2-4d4d-a2b6-58d329262429,Stage 5 Established,,,,https://www.sasec.org.au/resource-library/established,,social_enterprise,,{community},SA,,,,[],"[{""url"": ""https://www.sasec.org.au/members"", ""source"": ""sasec"", ""scraped_at"": ""2026-05-09T09:41:09.740Z""}]",sasec,2026-03-12 20:04:40.44+00,medium,2026-03-12 06:54:51.383359+00,2026-03-12 06:54:51.383359+00,,,
3a7c83fd-a47f-489e-9ead-47b1971ad817,"Policies, Research & Publications",,,,https://www.sasec.org.au/resource-library/policies-research-publications,,social_enterprise,,{community},SA,,,,[],"[{""url"": ""https://www.sasec.org.au/members"", ""source"": ""sasec"", ""scraped_at"": ""2026-05-09T09:41:09.740Z""}]",sasec,2026-03-12 20:04:09.1+00,medium,2026-03-12 06:54:51.383359+00,2026-03-12 06:54:51.383359+00,,,
f55af876-17f4-405b-8307-c32855905a87,Business For Good Resources,,,,https://www.sasec.org.au/resource-library/business-for-good,,social_enterprise,,{community},SA,,,,[],"[{""url"": ""https://www.sasec.org.au/members"", ""source"": ""sasec"", ""scraped_at"": ""2026-05-09T09:41:09.740Z""}]",sasec,2026-03-12 20:04:58.176+00,high,2026-03-12 06:54:51.383359+00,2026-03-12 06:54:51.383359+00,,,
1b9187ab-8838-4d10-96a4-f71ea941e88b,Supporting social enterprises,,,,https://www.sasec.org.au/resource-library/supporting-social-enteprises,,social_enterprise,,{community},SA,,,,[],"[{""url"": ""https://www.sasec.org.au/members"", ""source"": ""sasec"", ""scraped_at"": ""2026-05-09T09:41:09.740Z""}]",sasec,2026-03-12 20:03:31.619+00,medium,2026-03-12 06:54:51.383359+00,2026-03-12 06:54:51.383359+00,,,
168449b1-be01-4fb9-9932-28d8d2ce1a84,All South Australia,,,,,,social_enterprise,,{community},SA,,,,[],"[{""url"": ""https://www.sasec.org.au/members"", ""source"": ""sasec"", ""scraped_at"": ""2026-05-09T09:41:09.743Z""}]",sasec,,low,2026-03-12 06:54:51.383359+00,2026-03-12 06:54:51.383359+00,,,
8560e472-95a6-41fe-8a80-48819a49a9b4,Metropolitan Adelaide,,,,,,social_enterprise,,{community},SA,,,,[],"[{""url"": ""https://www.sasec.org.au/members"", ""source"": ""sasec"", ""scraped_at"": ""2026-05-09T09:41:09.743Z""}]",sasec,,low,2026-03-12 06:54:51.383359+00,2026-03-12 06:54:51.383359+00,,,
e94ba0f2-995a-4d9f-aeef-2fbea739d491,Adelaide Hills,,,,,,social_enterprise,,{community},SA,,,,[],"[{""url"": ""https://www.sasec.org.au/members"", ""source"": ""sasec"", ""scraped_at"": ""2026-05-09T09:41:09.743Z""}]",sasec,,low,2026-03-12 06:54:51.383359+00,2026-03-12 06:54:51.383359+00,,,
005d0679-a27b-42a3-a5e8-caf9b42327d3,"Barossa, Light and Lower North",,,,,,social_enterprise,,{community},SA,,,,[],"[{""url"": ""https://www.sasec.org.au/members"", ""source"": ""sasec"", ""scraped_at"": ""2026-05-09T09:41:09.743Z""}]",sasec,,low,2026-03-12 06:54:51.383359+00,2026-03-12 06:54:51.383359+00,,,
10f12ee6-a507-4ce6-8b99-cab6d22cf12e,"Catering - cafe, bar, restaurant, baker",,,,,,social_enterprise,,{food},SA,,,,[],"[{""url"": ""https://www.sasec.org.au/members"", ""source"": ""sasec"", ""scraped_at"": ""2026-05-09T09:41:09.743Z""}]",sasec,,low,2026-03-12 06:54:51.383359+00,2026-03-12 06:54:51.383359+00,,,
ba84823c-3e0f-422e-a8cb-71e05e81e5fa,Child Care Nursery,,,,,,social_enterprise,,{community},SA,,,,[],"[{""url"": ""https://www.sasec.org.au/members"", ""source"": ""sasec"", ""scraped_at"": ""2026-05-09T09:41:09.743Z""}]",sasec,,low,2026-03-12 06:54:51.383359+00,2026-03-12 06:54:51.383359+00,,,
8ff57e1e-07a1-4bbf-97b6-bf5bbb679865,"Cleaning, Housekeeping and Laundry services",,,,,,social_enterprise,,{community},SA,,,,[],"[{""url"": ""https://www.sasec.org.au/members"", ""source"": ""sasec"", ""scraped_at"": ""2026-05-09T09:41:09.743Z""}]",sasec,,low,2026-03-12 06:54:51.383359+00,2026-03-12 06:54:51.383359+00,,,
9a68a2aa-7704-4885-add5-9ce648841b4b,Energy & Water,,,,,,social_enterprise,,{community},SA,,,,[],"[{""url"": ""https://www.sasec.org.au/members"", ""source"": ""sasec"", ""scraped_at"": ""2026-05-09T09:41:09.743Z""}]",sasec,,low,2026-03-12 06:54:51.383359+00,2026-03-12 06:54:51.383359+00,,,
32dceaf7-5abd-400f-af58-94d963e94796,Research,,,,,,social_enterprise,,{community},SA,,,,[],"[{""url"": ""https://www.sasec.org.au/members"", ""source"": ""sasec"", ""scraped_at"": ""2026-05-09T09:41:09.743Z""}]",sasec,,low,2026-03-12 06:54:51.621177+00,2026-03-12 06:54:51.621177+00,,,
9b863d0b-9407-4309-acf7-1a9cae52b700,Goal 1: No Poverty,,,,,,social_enterprise,,{community},SA,,,,[],"[{""url"": ""https://www.sasec.org.au/members"", ""source"": ""sasec"", ""scraped_at"": ""2026-05-09T09:41:09.743Z""}]",sasec,,low,2026-03-12 06:54:51.621177+00,2026-03-12 06:54:51.621177+00,,,
7956a4bf-e91d-4dee-bc51-36a89ce116ee,Goal 2: Zero Hunger,,,,,,social_enterprise,,{community},SA,,,,[],"[{""url"": ""https://www.sasec.org.au/members"", ""source"": ""sasec"", ""scraped_at"": ""2026-05-09T09:41:09.743Z""}]",sasec,,low,2026-03-12 06:54:51.621177+00,2026-03-12 06:54:51.621177+00,,,
4fd63076-5c04-4e1b-b9fd-e3d56344f5e9,Goal 3: Good Health and Well-Being,,,,,,social_enterprise,,{health},SA,,,,[],"[{""url"": ""https://www.sasec.org.au/members"", ""source"": ""sasec"", ""scraped_at"": ""2026-05-09T09:41:09.743Z""}]",sasec,,low,2026-03-12 06:54:51.621177+00,2026-03-12 06:54:51.621177+00,,,
c8e260c0-a784-4377-839c-163775a7d570,Goal 4: Quality Education,,,,,,social_enterprise,,{education},SA,,,,[],"[{""url"": ""https://www.sasec.org.au/members"", ""source"": ""sasec"", ""scraped_at"": ""2026-05-09T09:41:09.743Z""}]",sasec,,low,2026-03-12 06:54:51.621177+00,2026-03-12 06:54:51.621177+00,,,
6a390c83-186e-4c47-aac2-efadd1189212,Goal 5: Gender Equality,,,,,,social_enterprise,,{community},SA,,,,[],"[{""url"": ""https://www.sasec.org.au/members"", ""source"": ""sasec"", ""scraped_at"": ""2026-05-09T09:41:09.743Z""}]",sasec,,low,2026-03-12 06:54:51.621177+00,2026-03-12 06:54:51.621177+00,,,
8567e904-76bf-4694-8ce3-bf3734c562f8,Goal 17: Partnerships,,,,,,social_enterprise,,{arts},SA,,,,[],"[{""url"": ""https://www.sasec.org.au/members"", ""source"": ""sasec"", ""scraped_at"": ""2026-05-09T09:41:09.743Z""}]",sasec,,low,2026-03-12 06:54:51.621177+00,2026-03-12 06:54:51.621177+00,,,
33893c1d-3a6b-4e63-acbb-5dcd4441e9bf,Advocacy,,,,,,social_enterprise,,{community},WA,,,,[],"[{""url"": ""https://www.wasec.org.au/members"", ""source"": ""wasec"", ""scraped_at"": ""2026-05-09T09:41:14.569Z""}]",wasec,,low,2026-05-09 09:41:14.669772+00,2026-05-09 09:41:14.669772+00,,,
59cc5c52-6c59-47ab-a5bd-836229897d79,Awards,,,,https://www.wasec.org.au/events/wa-social-enterprise-awards/,,social_enterprise,,{community},WA,,,,[],"[{""url"": ""https://www.wasec.org.au/members"", ""source"": ""wasec"", ""scraped_at"": ""2026-05-09T09:41:14.569Z""}]",wasec,,low,2026-05-09 09:41:14.669772+00,2026-05-09 09:41:14.669772+00,,,
9d79d2e7-848f-4be9-88f9-05e04de23afe,"Use of the WASEC logo on websites and publications, provided the logo is used in accordance with any Company policies and procedures",,,,,,social_enterprise,,{community},WA,,,,[],"[{""url"": ""https://www.wasec.org.au/members"", ""source"": ""wasec"", ""scraped_at"": ""2026-05-09T09:41:14.569Z""}]",wasec,,low,2026-03-12 06:54:56.288714+00,2026-03-12 06:54:56.288714+00,,,
5afa36ec-9f06-424c-8b3b-7e04ec38b7f2,Listing in the WASEC social enterprise directory,,,,,,social_enterprise,,{community},WA,,,,[],"[{""url"": ""https://www.wasec.org.au/members"", ""source"": ""wasec"", ""scraped_at"": ""2026-05-09T09:41:14.569Z""}]",wasec,,low,2026-03-12 06:54:56.288714+00,2026-03-12 06:54:56.288714+00,,,
52b3a991-9495-4629-884c-ec0604e7b236,Invitations to exclusive networking events,,,,,,social_enterprise,,{community},WA,,,,[],"[{""url"": ""https://www.wasec.org.au/members"", ""source"": ""wasec"", ""scraped_at"": ""2026-05-09T09:41:14.569Z""}]",wasec,,low,2026-03-12 06:54:56.288714+00,2026-03-12 06:54:56.288714+00,,,
578aaf4b-9ee3-4a2f-8154-2ec36857e45c,Social media promotion and PR support,,,,,,social_enterprise,,{community},WA,,,,[],"[{""url"": ""https://www.wasec.org.au/members"", ""source"": ""wasec"", ""scraped_at"": ""2026-05-09T09:41:14.569Z""}]",wasec,,low,2026-03-12 06:54:56.288714+00,2026-03-12 06:54:56.288714+00,,,
9c0710e5-130a-48e7-ad5f-592806a26428,Access to WASEC networks and online resources,,,,,,social_enterprise,,{community},WA,,,,[],"[{""url"": ""https://www.wasec.org.au/members"", ""source"": ""wasec"", ""scraped_at"": ""2026-05-09T09:41:14.569Z""}]",wasec,,low,2026-03-12 06:54:56.288714+00,2026-03-12 06:54:56.288714+00,,,
65553531-c0fd-4e3b-aaab-7e0c5338c385,Invitations to working groups on key topics,,,,,,social_enterprise,,{community},WA,,,,[],"[{""url"": ""https://www.wasec.org.au/members"", ""source"": ""wasec"", ""scraped_at"": ""2026-05-09T09:41:14.569Z""}]",wasec,,low,2026-03-12 06:54:56.288714+00,2026-03-12 06:54:56.288714+00,,,
add40fa5-4b9b-4011-82ae-704ccc5f9f97,Sitemap,,,,https://www.wasec.org.au/sitemap/,,social_enterprise,,{community},WA,,,,[],"[{""url"": ""https://www.wasec.org.au/members"", ""source"": ""wasec"", ""scraped_at"": ""2026-05-09T09:41:14.569Z""}]",wasec,2026-03-12 19:56:11.417+00,low,2026-03-12 06:54:56.288714+00,2026-03-12 06:54:56.288714+00,,,
598604d1-f5cb-4092-9d6a-e43bba113c0c,Am I a social enterprise?,,,,https://www.qsec.org.au/am-i-a-social-enterprise/,,social_enterprise,,{community},QLD,,,,[],"[{""url"": ""https://www.qsec.org.au/members"", ""source"": ""qsec"", ""scraped_at"": ""2026-05-09T09:41:05.444Z""}]",qsec,,low,2026-03-12 06:54:45.096713+00,2026-03-12 06:54:45.096713+00,,,
fd1594ea-1139-44af-9ee0-f316537e1f67,Directory,,,,,,social_enterprise,,{community},QLD,,,,[],"[{""url"": ""https://www.qsec.org.au/members"", ""source"": ""qsec"", ""scraped_at"": ""2026-05-09T09:41:05.444Z""}]",qsec,,low,2026-03-12 06:54:45.096713+00,2026-03-12 06:54:45.096713+00,,,
f2757440-a71e-4824-8b5b-84dd79c04a56,Members by Region (coming soon),,,,,,social_enterprise,,{community},QLD,,,,[],"[{""url"": ""https://www.qsec.org.au/members"", ""source"": ""qsec"", ""scraped_at"": ""2026-05-09T09:41:05.444Z""}]",qsec,,low,2026-03-12 06:54:45.096713+00,2026-03-12 06:54:45.096713+00,,,
a4b23a1c-66d3-4fa9-8c5e-293a465f18fa,News,,,,https://www.qsec.org.au/news/,,social_enterprise,,{community},QLD,,,,[],"[{""url"": ""https://www.qsec.org.au/members"", ""source"": ""qsec"", ""scraped_at"": ""2026-05-09T09:41:05.444Z""}]",qsec,,low,2026-03-12 06:54:45.096713+00,2026-03-12 06:54:45.096713+00,,,
7eecaaf1-a512-4562-9bb2-e69b00288768,Events,,,,https://www.qsec.org.au/events/,,social_enterprise,,{community},QLD,,,,[],"[{""url"": ""https://www.qsec.org.au/members"", ""source"": ""qsec"", ""scraped_at"": ""2026-05-09T09:41:05.444Z""}]",qsec,2026-03-12 20:10:09.969+00,medium,2026-03-12 06:54:45.096713+00,2026-03-12 06:54:45.096713+00,,,
ce04c2a6-d3fb-4dec-9785-4e589ac65e73,Members Area,,,,https://www.qsec.org.au/member-dashboard/,,social_enterprise,,{community},QLD,,,,[],"[{""url"": ""https://www.qsec.org.au/members"", ""source"": ""qsec"", ""scraped_at"": ""2026-05-09T09:41:05.444Z""}]",qsec,2026-03-12 20:09:27+00,low,2026-03-12 06:54:45.096713+00,2026-03-12 06:54:45.096713+00,,,
f1753cfe-c98c-4723-b749-65938f75cc1d,search,,,,,,social_enterprise,,{community},QLD,,,,[],"[{""url"": ""https://www.qsec.org.au/members"", ""source"": ""qsec"", ""scraped_at"": ""2026-05-09T09:41:05.444Z""}]",qsec,,low,2026-03-12 06:54:45.096713+00,2026-03-12 06:54:45.096713+00,,,
62965668-d618-4db4-9656-6ca4d9bf681a,Other,,,,,,social_enterprise,,{community},SA,,,,[],"[{""url"": ""https://www.sasec.org.au/members"", ""source"": ""sasec"", ""scraped_at"": ""2026-05-09T09:41:09.743Z""}]",sasec,,low,2026-03-12 06:54:51.621177+00,2026-03-12 06:54:51.621177+00,,,
50e0a7ff-bdcf-497c-af82-7fd4c19dd854,"Packaging, Distribution & Storage",,,,,,social_enterprise,,{community},SA,,,,[],"[{""url"": ""https://www.sasec.org.au/members"", ""source"": ""sasec"", ""scraped_at"": ""2026-05-09T09:41:09.743Z""}]",sasec,,low,2026-03-12 06:54:51.621177+00,2026-03-12 06:54:51.621177+00,,,
eef5b958-c9db-4af4-a272-19090f2938af,Directory,,,,https://www.sasec.org.au/directory,,social_enterprise,,{community},SA,,,{SA},[],"[{""url"": ""https://www.sasec.org.au/members"", ""source"": ""sasec"", ""scraped_at"": ""2026-05-09T09:41:09.740Z""}]",sasec,2026-03-12 21:52:12.532+00,low,2026-03-12 06:54:51.383359+00,2026-03-12 06:54:51.383359+00,"{""social enterprises"",""community organisations"",""businesses seeking social impact"",""general public""}",,"The directory operates as a membership platform, charging member organisations for listing and promotional services while facilitating connections between social enterprises and the broader community."
3da2457e-baa8-4efc-8b79-51d91c1f6fa6,Membership,,,,https://www.sasec.org.au/membership,,social_enterprise,,{community},SA,,,,[],"[{""url"": ""https://www.sasec.org.au/members"", ""source"": ""sasec"", ""scraped_at"": ""2026-05-09T09:41:09.740Z""}]",sasec,2026-03-12 20:05:23.501+00,high,2026-03-12 06:54:51.383359+00,2026-03-12 06:54:51.383359+00,,,
900aff5c-2248-46fc-9c14-6ab5c2847620,Funding,,,,https://www.sasec.org.au/resource-library/funding,,social_enterprise,,{community},SA,,,"{SA,National}",[],"[{""url"": ""https://www.sasec.org.au/members"", ""source"": ""sasec"", ""scraped_at"": ""2026-05-09T09:41:09.740Z""}]",sasec,2026-03-12 21:51:41.97+00,low,2026-03-12 06:54:51.383359+00,2026-03-12 06:54:51.383359+00,"{""social enterprises"",""not-for-profit organisations"",""community groups"",""small to medium charities""}",,"SASEC operates as a peak body providing free access to funding information and resources to support social enterprises, likely funded through membership fees, government grants, or partnerships."
deeceecd-a657-4a94-846a-25204eb8c845,Eyre and Western,,,,,,social_enterprise,,{community},SA,,,,[],"[{""url"": ""https://www.sasec.org.au/members"", ""source"": ""sasec"", ""scraped_at"": ""2026-05-09T09:41:09.743Z""}]",sasec,,low,2026-03-12 06:54:51.383359+00,2026-03-12 06:54:51.383359+00,,,
6bc4a6ce-fd1a-4593-903d-e3f29d6f8b81,Far North,,,,,,social_enterprise,,{community},SA,,,,[],"[{""url"": ""https://www.sasec.org.au/members"", ""source"": ""sasec"", ""scraped_at"": ""2026-05-09T09:41:09.743Z""}]",sasec,,low,2026-03-12 06:54:51.383359+00,2026-03-12 06:54:51.383359+00,,,
dbf47c5a-ad03-49cf-8610-e08004492825,Fleurieu and Kangaroo Island,,,,,,social_enterprise,,{community},SA,,,,[],"[{""url"": ""https://www.sasec.org.au/members"", ""source"": ""sasec"", ""scraped_at"": ""2026-05-09T09:41:09.743Z""}]",sasec,,low,2026-03-12 06:54:51.383359+00,2026-03-12 06:54:51.383359+00,,,
5f5cfe6d-86e2-4672-b5d8-41d448675988,Limestone Coast,,,,,,social_enterprise,,{community},SA,,,,[],"[{""url"": ""https://www.sasec.org.au/members"", ""source"": ""sasec"", ""scraped_at"": ""2026-05-09T09:41:09.743Z""}]",sasec,,low,2026-03-12 06:54:51.383359+00,2026-03-12 06:54:51.383359+00,,,
27da6e74-5cf8-4b8d-9d9c-539b0c57b99b,Yorke and Mid North,,,,,,social_enterprise,,{community},SA,,,,[],"[{""url"": ""https://www.sasec.org.au/members"", ""source"": ""sasec"", ""scraped_at"": ""2026-05-09T09:41:09.743Z""}]",sasec,,low,2026-03-12 06:54:51.383359+00,2026-03-12 06:54:51.383359+00,,,
ea24db83-3879-4d64-8128-97ed4699b4c6,Murray and Mallee,,,,,,social_enterprise,,{community},SA,,,,[],"[{""url"": ""https://www.sasec.org.au/members"", ""source"": ""sasec"", ""scraped_at"": ""2026-05-09T09:41:09.743Z""}]",sasec,,low,2026-03-12 06:54:51.383359+00,2026-03-12 06:54:51.383359+00,,,
53dec2ea-70bf-4fc8-b035-4bf94eeac663,Business services and marketing,,,,,,social_enterprise,,{community},SA,,,,[],"[{""url"": ""https://www.sasec.org.au/members"", ""source"": ""sasec"", ""scraped_at"": ""2026-05-09T09:41:09.743Z""}]",sasec,,low,2026-03-12 06:54:51.383359+00,2026-03-12 06:54:51.383359+00,,,
38f129e4-eccf-4ff3-b465-81adbf5d2a7b,Circular Economy,,,,,,social_enterprise,,{community},SA,,,,[],"[{""url"": ""https://www.sasec.org.au/members"", ""source"": ""sasec"", ""scraped_at"": ""2026-05-09T09:41:09.743Z""}]",sasec,,low,2026-03-12 06:54:51.383359+00,2026-03-12 06:54:51.383359+00,,,
f9fa353f-cfe6-4270-9982-80b0479abaa6,Clothing & Personal Accesories,,,,,,social_enterprise,,{community},SA,,,,[],"[{""url"": ""https://www.sasec.org.au/members"", ""source"": ""sasec"", ""scraped_at"": ""2026-05-09T09:41:09.743Z""}]",sasec,,low,2026-03-12 06:54:51.383359+00,2026-03-12 06:54:51.383359+00,,,
d2673062-ff4c-4881-b120-5e316ab229ab,Community & Cultural Development,,,,,,social_enterprise,,{community},SA,,,,[],"[{""url"": ""https://www.sasec.org.au/members"", ""source"": ""sasec"", ""scraped_at"": ""2026-05-09T09:41:09.743Z""}]",sasec,,low,2026-03-12 06:54:51.383359+00,2026-03-12 06:54:51.383359+00,,,
3ace76bc-48a0-4623-81ce-e2c7ac28fef5,Education & Training,,,,,,social_enterprise,,{education},SA,,,,[],"[{""url"": ""https://www.sasec.org.au/members"", ""source"": ""sasec"", ""scraped_at"": ""2026-05-09T09:41:09.743Z""}]",sasec,,low,2026-03-12 06:54:51.383359+00,2026-03-12 06:54:51.383359+00,,,
d7a7e6f7-9f0a-4e01-8741-f50f9aa471cc,Graphic Design,,,,,,social_enterprise,,{arts},SA,,,,[],"[{""url"": ""https://www.sasec.org.au/members"", ""source"": ""sasec"", ""scraped_at"": ""2026-05-09T09:41:09.743Z""}]",sasec,,low,2026-03-12 06:54:51.383359+00,2026-03-12 06:54:51.383359+00,,,
c00bbfb0-080a-446f-9cd9-5bcce5c2e72a,Housing,,,,,,social_enterprise,,{housing},SA,,,,[],"[{""url"": ""https://www.sasec.org.au/members"", ""source"": ""sasec"", ""scraped_at"": ""2026-05-09T09:41:09.743Z""}]",sasec,,low,2026-03-12 06:54:51.383359+00,2026-03-12 06:54:51.383359+00,,,
08d50b1f-e515-4503-af8d-f3b9e35ae7b0,Farming,,,,,,social_enterprise,,{community},SA,,,,[],"[{""url"": ""https://www.sasec.org.au/members"", ""source"": ""sasec"", ""scraped_at"": ""2026-05-09T09:41:09.743Z""}]",sasec,,low,2026-03-12 06:54:51.383359+00,2026-03-12 06:54:51.383359+00,,,
ecbb288a-12e2-4cc9-8593-e40f5aff4859,Fisheries,,,,,,social_enterprise,,{community},SA,,,,[],"[{""url"": ""https://www.sasec.org.au/members"", ""source"": ""sasec"", ""scraped_at"": ""2026-05-09T09:41:09.743Z""}]",sasec,,low,2026-03-12 06:54:51.383359+00,2026-03-12 06:54:51.383359+00,,,
a9adc75d-e3ed-4163-b39a-3390dcba7540,Finance,,,,,,social_enterprise,,{community},SA,,,,[],"[{""url"": ""https://www.sasec.org.au/members"", ""source"": ""sasec"", ""scraped_at"": ""2026-05-09T09:41:09.743Z""}]",sasec,,low,2026-03-12 06:54:51.383359+00,2026-03-12 06:54:51.383359+00,,,
9e7baa01-2c0b-4345-8293-50e4b56e3048,Gardening and Landscaping,,,,,,social_enterprise,,{community},SA,,,,[],"[{""url"": ""https://www.sasec.org.au/members"", ""source"": ""sasec"", ""scraped_at"": ""2026-05-09T09:41:09.743Z""}]",sasec,,low,2026-03-12 06:54:51.383359+00,2026-03-12 06:54:51.383359+00,,,
901d706e-b5ac-41e1-92cd-9b1b4ec78718,Information media and telecommunications,,,,,,social_enterprise,,{community},SA,,,,[],"[{""url"": ""https://www.sasec.org.au/members"", ""source"": ""sasec"", ""scraped_at"": ""2026-05-09T09:41:09.743Z""}]",sasec,,low,2026-03-12 06:54:51.383359+00,2026-03-12 06:54:51.383359+00,,,
48fade4b-587f-4aba-a0d5-49c29aafdc63,Legal Services,,,,,,social_enterprise,,{community},SA,,,,[],"[{""url"": ""https://www.sasec.org.au/members"", ""source"": ""sasec"", ""scraped_at"": ""2026-05-09T09:41:09.743Z""}]",sasec,,low,2026-03-12 06:54:51.383359+00,2026-03-12 06:54:51.383359+00,,,
62c12539-cbff-4280-91e5-39867b0c2d21,Manufacturing,,,,,,social_enterprise,,{community},SA,,,,[],"[{""url"": ""https://www.sasec.org.au/members"", ""source"": ""sasec"", ""scraped_at"": ""2026-05-09T09:41:09.743Z""}]",sasec,,low,2026-03-12 06:54:51.383359+00,2026-03-12 06:54:51.383359+00,,,
d3866f6e-0758-4149-b0c4-fc351850063b,Media & Communications,,,,,,social_enterprise,,{community},SA,,,,[],"[{""url"": ""https://www.sasec.org.au/members"", ""source"": ""sasec"", ""scraped_at"": ""2026-05-09T09:41:09.743Z""}]",sasec,,low,2026-03-12 06:54:51.383359+00,2026-03-12 06:54:51.383359+00,,,
bcef43a2-102f-44d1-be58-8624dff9d14e,Medical & Allied Services,,,,,,social_enterprise,,{community},SA,,,,[],"[{""url"": ""https://www.sasec.org.au/members"", ""source"": ""sasec"", ""scraped_at"": ""2026-05-09T09:41:09.743Z""}]",sasec,,low,2026-03-12 06:54:51.383359+00,2026-03-12 06:54:51.383359+00,,,
d8ca72e9-31b1-4ee5-a3a4-4ad9931c9dc0,Mental Health,,,,,,social_enterprise,,{health},SA,,,,[],"[{""url"": ""https://www.sasec.org.au/members"", ""source"": ""sasec"", ""scraped_at"": ""2026-05-09T09:41:09.743Z""}]",sasec,,low,2026-03-12 06:54:51.383359+00,2026-03-12 06:54:51.383359+00,,,
e05e12e3-7741-4408-959c-8710afed0bf3,Op Shops & 2nd Hand Shops,,,,,,social_enterprise,,{community},SA,,,,[],"[{""url"": ""https://www.sasec.org.au/members"", ""source"": ""sasec"", ""scraped_at"": ""2026-05-09T09:41:09.743Z""}]",sasec,,low,2026-03-12 06:54:51.383359+00,2026-03-12 06:54:51.383359+00,,,
c6bdcb56-43c3-45c2-9172-8d576e2bbb8a,Personal & Social Care,,,,,,social_enterprise,,{community},SA,,,,[],"[{""url"": ""https://www.sasec.org.au/members"", ""source"": ""sasec"", ""scraped_at"": ""2026-05-09T09:41:09.743Z""}]",sasec,,low,2026-03-12 06:54:51.621177+00,2026-03-12 06:54:51.621177+00,,,
9e528841-74a3-4d60-96a3-fbeef5c2f1d0,Printing & Publishing,,,,,,social_enterprise,,{community},SA,,,,[],"[{""url"": ""https://www.sasec.org.au/members"", ""source"": ""sasec"", ""scraped_at"": ""2026-05-09T09:41:09.743Z""}]",sasec,,low,2026-03-12 06:54:51.621177+00,2026-03-12 06:54:51.621177+00,,,
3b76af38-34b2-4a33-8ea8-9efa2ab9f9a7,Products - Personal Care / Cleaning,,,,,,social_enterprise,,{community},SA,,,,[],"[{""url"": ""https://www.sasec.org.au/members"", ""source"": ""sasec"", ""scraped_at"": ""2026-05-09T09:41:09.743Z""}]",sasec,,low,2026-03-12 06:54:51.621177+00,2026-03-12 06:54:51.621177+00,,,
3a679587-1abd-4c4c-99a2-c0edcf5b8e89,Professional Associations,,,,,,social_enterprise,,{community},SA,,,,[],"[{""url"": ""https://www.sasec.org.au/members"", ""source"": ""sasec"", ""scraped_at"": ""2026-05-09T09:41:09.743Z""}]",sasec,,low,2026-03-12 06:54:51.621177+00,2026-03-12 06:54:51.621177+00,,,
7da00a04-9b6c-457e-a4e9-7cb7d8ae849c,Real Estate & Property Services,,,,,,social_enterprise,,{community},SA,,,,[],"[{""url"": ""https://www.sasec.org.au/members"", ""source"": ""sasec"", ""scraped_at"": ""2026-05-09T09:41:09.743Z""}]",sasec,,low,2026-03-12 06:54:51.621177+00,2026-03-12 06:54:51.621177+00,,,
d4162c3c-0f1d-478a-a24f-da8fbea30aa7,Recycling & Waste Management,,,,,,social_enterprise,,{community},SA,,,,[],"[{""url"": ""https://www.sasec.org.au/members"", ""source"": ""sasec"", ""scraped_at"": ""2026-05-09T09:41:09.743Z""}]",sasec,,low,2026-03-12 06:54:51.621177+00,2026-03-12 06:54:51.621177+00,,,
6c1f682d-ee5f-4cd8-a763-fe1f22ff5a71,Retail,,,,,,social_enterprise,,{community},SA,,,,[],"[{""url"": ""https://www.sasec.org.au/members"", ""source"": ""sasec"", ""scraped_at"": ""2026-05-09T09:41:09.743Z""}]",sasec,,low,2026-03-12 06:54:51.621177+00,2026-03-12 06:54:51.621177+00,,,
49761f01-d685-4b71-90b3-4de030c3290e,Social Enterprise Groups,,,,,,social_enterprise,,{community},SA,,,,[],"[{""url"": ""https://www.sasec.org.au/members"", ""source"": ""sasec"", ""scraped_at"": ""2026-05-09T09:41:09.743Z""}]",sasec,,low,2026-03-12 06:54:51.621177+00,2026-03-12 06:54:51.621177+00,,,
840e89d2-45ab-4b8c-a5f1-6202328322dd,Sport & Recreation,,,,,,social_enterprise,,{community},SA,,,,[],"[{""url"": ""https://www.sasec.org.au/members"", ""source"": ""sasec"", ""scraped_at"": ""2026-05-09T09:41:09.743Z""}]",sasec,,low,2026-03-12 06:54:51.621177+00,2026-03-12 06:54:51.621177+00,,,
0c5c437e-2d98-48cc-9269-621b76b5b1de,Transport,,,,,,social_enterprise,,{community},SA,,,,[],"[{""url"": ""https://www.sasec.org.au/members"", ""source"": ""sasec"", ""scraped_at"": ""2026-05-09T09:41:09.743Z""}]",sasec,,low,2026-03-12 06:54:51.621177+00,2026-03-12 06:54:51.621177+00,,,
bd484019-98a1-4d03-aca3-a511bec09f9b,University,,,,,,social_enterprise,,{community},SA,,,,[],"[{""url"": ""https://www.sasec.org.au/members"", ""source"": ""sasec"", ""scraped_at"": ""2026-05-09T09:41:09.743Z""}]",sasec,,low,2026-03-12 06:54:51.621177+00,2026-03-12 06:54:51.621177+00,,,
76715a89-c76f-47e6-8301-756e335cda9a,Video Production,,,,,,social_enterprise,,{community},SA,,,,[],"[{""url"": ""https://www.sasec.org.au/members"", ""source"": ""sasec"", ""scraped_at"": ""2026-05-09T09:41:09.743Z""}]",sasec,,low,2026-03-12 06:54:51.621177+00,2026-03-12 06:54:51.621177+00,,,
c798174a-232f-4616-ba47-17662e291200,Goal 6: Clean Water and Sanitation,,,,,,social_enterprise,,{community},SA,,,,[],"[{""url"": ""https://www.sasec.org.au/members"", ""source"": ""sasec"", ""scraped_at"": ""2026-05-09T09:41:09.743Z""}]",sasec,,low,2026-03-12 06:54:51.621177+00,2026-03-12 06:54:51.621177+00,,,
794b22a0-fea8-4e1b-89b3-a6f87805749d,Goal 7: Affordable and Clean Energy,,,,,,social_enterprise,,{community},SA,,,,[],"[{""url"": ""https://www.sasec.org.au/members"", ""source"": ""sasec"", ""scraped_at"": ""2026-05-09T09:41:09.743Z""}]",sasec,,low,2026-03-12 06:54:51.621177+00,2026-03-12 06:54:51.621177+00,,,
d185998f-e400-457d-b4d6-d71fb89be0be,Goal 8: Decent Work and Economic Growth,,,,,,social_enterprise,,{community},SA,,,,[],"[{""url"": ""https://www.sasec.org.au/members"", ""source"": ""sasec"", ""scraped_at"": ""2026-05-09T09:41:09.743Z""}]",sasec,,low,2026-03-12 06:54:51.621177+00,2026-03-12 06:54:51.621177+00,,,
cb44e78c-198e-447a-8f8c-1919c2229e13,"Goal 9: Industry, Innovation and Infrastructure",,,,,,social_enterprise,,{community},SA,,,,[],"[{""url"": ""https://www.sasec.org.au/members"", ""source"": ""sasec"", ""scraped_at"": ""2026-05-09T09:41:09.743Z""}]",sasec,,low,2026-03-12 06:54:51.621177+00,2026-03-12 06:54:51.621177+00,,,
b156bf17-0cee-4ed9-8bef-e32737058a20,Goal 10: Reduced Inequalities,,,,,,social_enterprise,,{community},SA,,,,[],"[{""url"": ""https://www.sasec.org.au/members"", ""source"": ""sasec"", ""scraped_at"": ""2026-05-09T09:41:09.743Z""}]",sasec,,low,2026-03-12 06:54:51.621177+00,2026-03-12 06:54:51.621177+00,,,
33e0ac41-db6a-4242-9a0c-feb7131a7cd0,Goal 11: Sustainable Cities and Communities,,,,,,social_enterprise,,{environment},SA,,,,[],"[{""url"": ""https://www.sasec.org.au/members"", ""source"": ""sasec"", ""scraped_at"": ""2026-05-09T09:41:09.743Z""}]",sasec,,low,2026-03-12 06:54:51.621177+00,2026-03-12 06:54:51.621177+00,,,
bf388967-8caf-451f-ac5f-5bf1df87dd87,Goal 12: Responsible Consumption and Production,,,,,,social_enterprise,,{community},SA,,,,[],"[{""url"": ""https://www.sasec.org.au/members"", ""source"": ""sasec"", ""scraped_at"": ""2026-05-09T09:41:09.743Z""}]",sasec,,low,2026-03-12 06:54:51.621177+00,2026-03-12 06:54:51.621177+00,,,
ac4d889e-a0f5-4bd5-904b-172b347ef948,Goal 13: Climate Action,,,,,,social_enterprise,,{community},SA,,,,[],"[{""url"": ""https://www.sasec.org.au/members"", ""source"": ""sasec"", ""scraped_at"": ""2026-05-09T09:41:09.743Z""}]",sasec,,low,2026-03-12 06:54:51.621177+00,2026-03-12 06:54:51.621177+00,,,
c7053a50-f855-4c49-9784-d9b0f77f9878,Goal 14: Life Below Water,,,,,,social_enterprise,,{community},SA,,,,[],"[{""url"": ""https://www.sasec.org.au/members"", ""source"": ""sasec"", ""scraped_at"": ""2026-05-09T09:41:09.743Z""}]",sasec,,low,2026-03-12 06:54:51.621177+00,2026-03-12 06:54:51.621177+00,,,
2a635774-1507-4da0-acc4-fa2359a508a1,Goal 15: Life on Land,,,,,,social_enterprise,,{community},SA,,,,[],"[{""url"": ""https://www.sasec.org.au/members"", ""source"": ""sasec"", ""scraped_at"": ""2026-05-09T09:41:09.743Z""}]",sasec,,low,2026-03-12 06:54:51.621177+00,2026-03-12 06:54:51.621177+00,,,
282eb61f-81f8-4c61-bc2b-165b8ebcc747,"Goal 16: Peace, Justice and Strong Institutions",,,,,,social_enterprise,,{community},SA,,,,[],"[{""url"": ""https://www.sasec.org.au/members"", ""source"": ""sasec"", ""scraped_at"": ""2026-05-09T09:41:09.743Z""}]",sasec,,low,2026-03-12 06:54:51.621177+00,2026-03-12 06:54:51.621177+00,,,
20ca6875-1634-4c1d-a2c4-cd11ceb8a78e,Social Enterprises,,,,,,social_enterprise,,{community},WA,,,,[],"[{""url"": ""https://www.wasec.org.au/members"", ""source"": ""wasec"", ""scraped_at"": ""2026-05-09T09:41:14.569Z""}]",wasec,,low,2026-03-12 06:54:56.288714+00,2026-03-12 06:54:56.288714+00,,,
3203757a-70c9-420f-aae5-ac5a7f7b967a,Events,,,,,,social_enterprise,,{community},WA,,,,[],"[{""url"": ""https://www.wasec.org.au/members"", ""source"": ""wasec"", ""scraped_at"": ""2026-05-09T09:41:14.569Z""}]",wasec,,low,2026-03-12 06:54:56.288714+00,2026-03-12 06:54:56.288714+00,,,
d03ad7ed-15a2-4a88-a1b7-ea1f6290b099,Programs,,,,,,social_enterprise,,{community},WA,,,,[],"[{""url"": ""https://www.wasec.org.au/members"", ""source"": ""wasec"", ""scraped_at"": ""2026-05-09T09:41:14.569Z""}]",wasec,,low,2026-03-12 06:54:56.288714+00,2026-03-12 06:54:56.288714+00,,,
bc2d64b6-3fa0-42d4-8a43-d6ee315b277b,Resource Hub,,,,,,social_enterprise,,{community},WA,,,,[],"[{""url"": ""https://www.wasec.org.au/members"", ""source"": ""wasec"", ""scraped_at"": ""2026-05-09T09:41:14.569Z""}]",wasec,,low,2026-03-12 06:54:56.288714+00,2026-03-12 06:54:56.288714+00,,,
33b331da-fa18-4ec2-9bd6-2244507f3144,"Social Enterprise Membership: For organisations that operate as social enterprises, meeting specific criteria outlined below.",,,,,,social_enterprise,,{community},WA,,,,[],"[{""url"": ""https://www.wasec.org.au/members"", ""source"": ""wasec"", ""scraped_at"": ""2026-05-09T09:41:14.569Z""}]",wasec,,low,2026-03-12 06:54:56.288714+00,2026-03-12 06:54:56.288714+00,,,
44a94669-dddd-4e9a-8623-3b0e35c72edf,Associate Membership (organisation): For organisations that support the social enterprise sector but do not operate as social enterprises.,,,,,,social_enterprise,,{community},WA,,,,[],"[{""url"": ""https://www.wasec.org.au/members"", ""source"": ""wasec"", ""scraped_at"": ""2026-05-09T09:41:14.569Z""}]",wasec,,low,2026-03-12 06:54:56.288714+00,2026-03-12 06:54:56.288714+00,,,
0d9a56d6-8579-4f71-a198-a380cb835e97,Associate Membership (individual): For individuals interested in supporting and engaging with the social enterprise community.,,,,,,social_enterprise,,{community},WA,,,,[],"[{""url"": ""https://www.wasec.org.au/members"", ""source"": ""wasec"", ""scraped_at"": ""2026-05-09T09:41:14.569Z""}]",wasec,,low,2026-03-12 06:54:56.288714+00,2026-03-12 06:54:56.288714+00,,,
4cfb8782-c122-46a9-a147-1b278a90f428,Purpose – exists to solve a social and/or environmental problem;,,,,,,social_enterprise,,"{health,environment}",WA,,,,[],"[{""url"": ""https://www.wasec.org.au/members"", ""source"": ""wasec"", ""scraped_at"": ""2026-05-09T09:41:14.569Z""}]",wasec,,low,2026-03-12 06:54:56.288714+00,2026-03-12 06:54:56.288714+00,,,
d25bf527-f9a1-478f-9fce-602153f205f9,"Operations – prioritises purpose, people, and planet over profit in operational and strategic decisions;",,,,,,social_enterprise,,{community},WA,,,,[],"[{""url"": ""https://www.wasec.org.au/members"", ""source"": ""wasec"", ""scraped_at"": ""2026-05-09T09:41:14.569Z""}]",wasec,,low,2026-03-12 06:54:56.288714+00,2026-03-12 06:54:56.288714+00,,,
f434e6e2-1004-4e83-9b7a-684db3e062c4,Revenue – has a self-sustaining revenue model;,,,,,,social_enterprise,,{environment},WA,,,,[],"[{""url"": ""https://www.wasec.org.au/members"", ""source"": ""wasec"", ""scraped_at"": ""2026-05-09T09:41:14.569Z""}]",wasec,,low,2026-03-12 06:54:56.288714+00,2026-03-12 06:54:56.288714+00,,,
c2441da2-5798-4445-bdd6-438165f1b8c4,Use of surplus – reinvests the majority of any surplus towards its purpose; and,,,,,,social_enterprise,,{community},WA,,,,[],"[{""url"": ""https://www.wasec.org.au/members"", ""source"": ""wasec"", ""scraped_at"": ""2026-05-09T09:41:14.569Z""}]",wasec,,low,2026-03-12 06:54:56.288714+00,2026-03-12 06:54:56.288714+00,,,
d1025680-fc19-47d4-b8e7-59861e79ee36,Structure – chooses legal structures and financing that protect and lock in purpose long term; and,,,,,,social_enterprise,,{community},WA,,,,[],"[{""url"": ""https://www.wasec.org.au/members"", ""source"": ""wasec"", ""scraped_at"": ""2026-05-09T09:41:14.569Z""}]",wasec,,low,2026-03-12 06:54:56.288714+00,2026-03-12 06:54:56.288714+00,,,
9f0c27ad-e26b-4f69-a4db-ebce4be2abc2,Advocates and Champions,,,,,,social_enterprise,,{community},WA,,,,[],"[{""url"": ""https://www.wasec.org.au/members"", ""source"": ""wasec"", ""scraped_at"": ""2026-05-09T09:41:14.569Z""}]",wasec,,low,2026-03-12 06:54:56.288714+00,2026-03-12 06:54:56.288714+00,,,
64f6431a-5f9e-4e6e-8f48-35dfd0019515,"Aspiring Social Enterprises- less than 12 months trading history and less than $5,000 in trading income",,,,,,social_enterprise,,{community},WA,,,,[],"[{""url"": ""https://www.wasec.org.au/members"", ""source"": ""wasec"", ""scraped_at"": ""2026-05-09T09:41:14.569Z""}]",wasec,,low,2026-03-12 06:54:56.288714+00,2026-03-12 06:54:56.288714+00,,,
70e74b37-a5e9-4b1a-a286-806b7a24f271,Service Providers and Collaborators,,,,,,social_enterprise,,{community},WA,,,,[],"[{""url"": ""https://www.wasec.org.au/members"", ""source"": ""wasec"", ""scraped_at"": ""2026-05-09T09:41:14.569Z""}]",wasec,,low,2026-03-12 06:54:56.288714+00,2026-03-12 06:54:56.288714+00,,,
a7d5cdfb-7a58-4ad7-8bea-7546ce8867cf,"Purpose-Driven Organisations (e.g. charities, corporates, government agencies)",,,,,,social_enterprise,,{community},WA,,,,[],"[{""url"": ""https://www.wasec.org.au/members"", ""source"": ""wasec"", ""scraped_at"": ""2026-05-09T09:41:14.569Z""}]",wasec,,low,2026-03-12 06:54:56.288714+00,2026-03-12 06:54:56.288714+00,,,
6b90e10a-70a3-432f-84e7-a0c51eb395b6,Procurement Partners,,,,,,social_enterprise,,{arts},WA,,,,[],"[{""url"": ""https://www.wasec.org.au/members"", ""source"": ""wasec"", ""scraped_at"": ""2026-05-09T09:41:14.569Z""}]",wasec,,low,2026-03-12 06:54:56.288714+00,2026-03-12 06:54:56.288714+00,,,
525b5c5b-dddf-4b01-a18f-0ae97bf00148,Funders and Investors,,,,,,social_enterprise,,{community},WA,,,,[],"[{""url"": ""https://www.wasec.org.au/members"", ""source"": ""wasec"", ""scraped_at"": ""2026-05-09T09:41:14.569Z""}]",wasec,,low,2026-03-12 06:54:56.288714+00,2026-03-12 06:54:56.288714+00,,,
044b2f1c-aed6-4feb-a6d2-b727c4cda205,"Discounted tickets to WASEC events, conferences, and partner forums",,,,,,social_enterprise,,{arts},WA,,,,[],"[{""url"": ""https://www.wasec.org.au/members"", ""source"": ""wasec"", ""scraped_at"": ""2026-05-09T09:41:14.569Z""}]",wasec,,low,2026-03-12 06:54:56.288714+00,2026-03-12 06:54:56.288714+00,,,
af78a4c9-d135-464c-8618-77624c327fad,Capacity-building and training opportunities,,,,,,social_enterprise,,{education},WA,,,,[],"[{""url"": ""https://www.wasec.org.au/members"", ""source"": ""wasec"", ""scraped_at"": ""2026-05-09T09:41:14.569Z""}]",wasec,,low,2026-03-12 06:54:56.288714+00,2026-03-12 06:54:56.288714+00,,,
d93dfa5a-159a-4a67-b1a5-5aa85891cefd,Regular e-newsletters with the latest updates,,,,,,social_enterprise,,{community},WA,,,,[],"[{""url"": ""https://www.wasec.org.au/members"", ""source"": ""wasec"", ""scraped_at"": ""2026-05-09T09:41:14.569Z""}]",wasec,,low,2026-03-12 06:54:56.288714+00,2026-03-12 06:54:56.288714+00,,,
bd570a4f-c1c6-4ff7-96a9-18eac8e800de,"Advocacy support at local, state, and federal levels",,,,,,social_enterprise,,{community},WA,,,,[],"[{""url"": ""https://www.wasec.org.au/members"", ""source"": ""wasec"", ""scraped_at"": ""2026-05-09T09:41:14.569Z""}]",wasec,,low,2026-03-12 06:54:56.288714+00,2026-03-12 06:54:56.288714+00,,,
d87faf21-81a2-4b0b-b659-3f7171f17c32,Discounted event tickets,,,,,,social_enterprise,,{community},WA,,,,[],"[{""url"": ""https://www.wasec.org.au/members"", ""source"": ""wasec"", ""scraped_at"": ""2026-05-09T09:41:14.569Z""}]",wasec,,low,2026-03-12 06:54:56.288714+00,2026-03-12 06:54:56.288714+00,,,
d33650b7-31d9-468a-ab33-d9c3f0c87593,Monthly e-newsletters,,,,,,social_enterprise,,{community},WA,,,,[],"[{""url"": ""https://www.wasec.org.au/members"", ""source"": ""wasec"", ""scraped_at"": ""2026-05-09T09:41:14.569Z""}]",wasec,,low,2026-03-12 06:54:56.288714+00,2026-03-12 06:54:56.288714+00,,,
0676a518-7f5e-4315-8585-96fdf8d0f3ae,Networking event invitations,,,,,,social_enterprise,,{community},WA,,,,[],"[{""url"": ""https://www.wasec.org.au/members"", ""source"": ""wasec"", ""scraped_at"": ""2026-05-09T09:41:14.569Z""}]",wasec,,low,2026-03-12 06:54:56.288714+00,2026-03-12 06:54:56.288714+00,,,
df650296-817a-423e-b491-89cf60d90c7b,Social media promotion,,,,,,social_enterprise,,{community},WA,,,,[],"[{""url"": ""https://www.wasec.org.au/members"", ""source"": ""wasec"", ""scraped_at"": ""2026-05-09T09:41:14.569Z""}]",wasec,,low,2026-03-12 06:54:56.288714+00,2026-03-12 06:54:56.288714+00,,,
78dbc5fa-307c-4556-8da0-2448dfa7c49a,Access to WASEC networks,,,,,,social_enterprise,,{community},WA,,,,[],"[{""url"": ""https://www.wasec.org.au/members"", ""source"": ""wasec"", ""scraped_at"": ""2026-05-09T09:41:14.569Z""}]",wasec,,low,2026-03-12 06:54:56.288714+00,2026-03-12 06:54:56.288714+00,,,
22bbd724-64da-44fd-8382-80274ff663d9,Participation in working groups,,,,,,social_enterprise,,{arts},WA,,,,[],"[{""url"": ""https://www.wasec.org.au/members"", ""source"": ""wasec"", ""scraped_at"": ""2026-05-09T09:41:14.569Z""}]",wasec,,low,2026-03-12 06:54:56.288714+00,2026-03-12 06:54:56.288714+00,,,
572545d2-bbb2-4c82-b17c-7103ec8451e3,Referrals to/from social enterprise members,,,,,,social_enterprise,,{community},WA,,,,[],"[{""url"": ""https://www.wasec.org.au/members"", ""source"": ""wasec"", ""scraped_at"": ""2026-05-09T09:41:14.569Z""}]",wasec,,low,2026-03-12 06:54:56.288714+00,2026-03-12 06:54:56.288714+00,,,
2bd84560-1768-4c9f-a384-8cfa7112d4a4,"fails to comply with the Constitution, policies, or codes of conduct of the Company;",,,,,,social_enterprise,,{community},WA,,,,[],"[{""url"": ""https://www.wasec.org.au/members"", ""source"": ""wasec"", ""scraped_at"": ""2026-05-09T09:41:14.569Z""}]",wasec,,low,2026-03-12 06:54:56.288714+00,2026-03-12 06:54:56.288714+00,,,
cf8995c8-861e-4f7c-9de2-b64bbf64c93b,"acts in a manner inconsistent with the objectives, values, or ethical standards of WASEC; or",,,,,,social_enterprise,,{community},WA,,,,[],"[{""url"": ""https://www.wasec.org.au/members"", ""source"": ""wasec"", ""scraped_at"": ""2026-05-09T09:41:14.569Z""}]",wasec,,low,2026-03-12 06:54:56.288714+00,2026-03-12 06:54:56.288714+00,,,
1ef49358-2b6f-45d7-8c22-d0a5365c49dd,fails to pay membership fees as required.,,,,,,social_enterprise,,{community},WA,,,,[],"[{""url"": ""https://www.wasec.org.au/members"", ""source"": ""wasec"", ""scraped_at"": ""2026-05-09T09:41:14.569Z""}]",wasec,,low,2026-03-12 06:54:56.288714+00,2026-03-12 06:54:56.288714+00,,,
7ad7b9b2-f7f9-4e5f-bb8a-f172a4340dc3,FAQs,,,,https://www.wasec.org.au/faqs/,,social_enterprise,,{community},WA,,,,[],"[{""url"": ""https://www.wasec.org.au/members"", ""source"": ""wasec"", ""scraped_at"": ""2026-05-09T09:41:14.569Z""}]",wasec,2026-03-12 19:56:23.232+00,low,2026-03-12 06:54:56.288714+00,2026-03-12 06:54:56.288714+00,,,
332720b8-62d4-46d4-85ef-76a3cef16f77,Network,,,,https://www.sasec.org.au/resource-library/network,,social_enterprise,,{community},SA,,,,[],"[{""url"": ""https://www.sasec.org.au/members"", ""source"": ""sasec"", ""scraped_at"": ""2026-05-09T09:41:09.740Z""}]",sasec,2026-03-12 20:03:51.844+00,medium,2026-03-12 06:54:51.383359+00,2026-03-12 06:54:51.383359+00,,,
5fa23721-3b2d-417c-9cec-c72a24547712,Experts,,,,https://www.sasec.org.au/resource-library/experts,,social_enterprise,,{community},SA,,,,[],"[{""url"": ""https://www.sasec.org.au/members"", ""source"": ""sasec"", ""scraped_at"": ""2026-05-09T09:41:09.740Z""}]",sasec,2026-03-12 20:04:45.87+00,medium,2026-03-12 06:54:51.383359+00,2026-03-12 06:54:51.383359+00,,,
afd96991-8a3e-47cb-8ef4-9c46b8549949,Resources,,,,https://www.sasec.org.au/resource-library,,social_enterprise,,{community},SA,,,,[],"[{""url"": ""https://www.sasec.org.au/members"", ""source"": ""sasec"", ""scraped_at"": ""2026-05-09T09:41:09.740Z""}]",sasec,2026-03-12 20:05:22.976+00,medium,2026-03-12 06:54:51.383359+00,2026-03-12 06:54:51.383359+00,,,
e43d18da-04c9-4f48-badd-e9cc130f5ed8,Social Enterprise,,,,https://www.sasec.org.au/about/social-enteprise,,social_enterprise,,{community},SA,,,,[],"[{""url"": ""https://www.sasec.org.au/members"", ""source"": ""sasec"", ""scraped_at"": ""2026-05-09T09:41:09.740Z""}]",sasec,2026-03-12 20:05:58.964+00,medium,2026-03-12 06:54:51.383359+00,2026-03-12 06:54:51.383359+00,,,
fbaf1487-5dc8-4905-bdad-29a513a912b6,SASEC,,,,https://www.sasec.org.au/about/sasec,,social_enterprise,,{community},SA,,,,[],"[{""url"": ""https://www.sasec.org.au/members"", ""source"": ""sasec"", ""scraped_at"": ""2026-05-09T09:41:09.740Z""}]",sasec,2026-03-12 20:06:13.073+00,low,2026-03-12 06:54:51.383359+00,2026-03-12 06:54:51.383359+00,,,
b33e4266-cc94-457c-8255-86ce8af624e6,Social Enterprise Member Directory,,,,https://www.qsec.org.au/social-enterprise-member-directory/,,social_enterprise,,{community},QLD,,,,[],"[{""url"": ""https://www.qsec.org.au/members"", ""source"": ""qsec"", ""scraped_at"": ""2026-05-09T09:41:05.444Z""}]",qsec,2026-03-12 20:08:52.711+00,medium,2026-03-12 06:54:45.096713+00,2026-03-12 06:54:45.096713+00,,,
7ac25405-a35d-4681-be68-cbd56c70fc03,account,,,,https://www.qsec.org.au/log-in/,,social_enterprise,,{community},QLD,,,,[],"[{""url"": ""https://www.qsec.org.au/members"", ""source"": ""qsec"", ""scraped_at"": ""2026-05-09T09:41:05.444Z""}]",qsec,2026-03-12 20:09:39.802+00,high,2026-03-12 06:54:45.096713+00,2026-03-12 06:54:45.096713+00,,,
31f8aff6-5162-4ab2-82ae-4cace3fbd353,Careers,,,,https://www.qsec.org.au/careers/,,social_enterprise,,{community},QLD,,,,[],"[{""url"": ""https://www.qsec.org.au/members"", ""source"": ""qsec"", ""scraped_at"": ""2026-05-09T09:41:05.443Z""}]",qsec,2026-03-12 20:10:02.485+00,medium,2026-03-12 06:54:45.096713+00,2026-03-12 06:54:45.096713+00,,,
f9bc56b9-1459-4ca2-a7ef-17396d5f47f4,Our People,,,,https://www.qsec.org.au/our-team/,,social_enterprise,,{community},QLD,,,"{QLD,Brisbane}",[],"[{""url"": ""https://www.qsec.org.au/members"", ""source"": ""qsec"", ""scraped_at"": ""2026-05-09T09:41:05.443Z""}]",qsec,2026-03-12 21:54:03.848+00,low,2026-03-12 06:54:45.096713+00,2026-03-12 06:54:45.096713+00,"{""social enterprises"",""Queensland communities"",""people with disability"",""unemployed individuals"",""marginalised groups"",""not-for-profit organisations""}",,"QSEC likely generates revenue through membership fees, government funding, event programs, and consulting services to support the social enterprise ecosystem."
