id,name,state,postcode,source_primary,chain,abn,parent_name
acc4ab69-d396-4dac-a7ea-adfafaa25db5,"Bacchus Marsh Salvos",VIC,3340,senvic,salvation-army,64472238844,"The Trustee for The Salvation Army (Victoria) Property Trust"
ee6c9a95-a0bf-487c-b353-2a047b7f0934,"Ballarat Red Cross",VIC,3350,senvic,red-cross,50169561394,"Australian Red Cross Society"
18adcadc-ab85-4cc4-9055-747e37d41162,"Bridge Mall Salvos",VIC,3350,senvic,salvation-army,64472238844,"The Trustee for The Salvation Army (Victoria) Property Trust"
84e6f8b5-9847-4b00-b11a-8679371c06d9,"Horsham Red Cross",VIC,3400,senvic,red-cross,50169561394,"Australian Red Cross Society"
5093699b-1b28-4652-99fd-b41ecd65ed58,"Red Cross",VIC,3104,senvic,red-cross,50169561394,"Australian Red Cross Society"
e8f50221-b76e-48f5-a042-91fa608e7911,"Sebastopol Salvos",VIC,3356,senvic,salvation-army,64472238844,"The Trustee for The Salvation Army (Victoria) Property Trust"
b5f0570d-7b7a-43d2-aab1-0b136a438059,"Vinnies Alfredton",VIC,3350,senvic,vinnies,28911702061,"St Vincent de Paul Society Victoria"
0708a067-21a5-4fa4-a834-c67e607cc17a,"Vinnies Ararat",VIC,3377,senvic,vinnies,28911702061,"St Vincent de Paul Society Victoria"
d0634425-7a29-471a-abd7-660411068609,"Vinnies Bacchus Marsh",VIC,3340,senvic,vinnies,28911702061,"St Vincent de Paul Society Victoria"
a663dff0-926e-4152-9bba-06a59765e947,"Vinnies Ballarat",VIC,3350,senvic,vinnies,28911702061,"St Vincent de Paul Society Victoria"
0660be02-b3db-49a8-be65-ee76c580b4e6,"Vinnies Daylesford",VIC,3460,senvic,vinnies,28911702061,"St Vincent de Paul Society Victoria"
4be0bac8-f44d-4ecb-bb46-b6103108f74f,"Vinnies Horsham",VIC,3400,senvic,vinnies,28911702061,"St Vincent de Paul Society Victoria"
d9f74d9f-bc68-43a1-ba5d-e6e590b5e0bb,"Vinnies Sebastopol",VIC,3356,senvic,vinnies,28911702061,"St Vincent de Paul Society Victoria"
25d6435e-e90f-4ec4-b64e-ed43732c9545,"Vinnies Wendouree",VIC,3355,senvic,vinnies,28911702061,"St Vincent de Paul Society Victoria"
749cd7ee-845b-4c1e-b15e-5db349b6d268,"Wendouree Salvos",VIC,3355,senvic,salvation-army,64472238844,"The Trustee for The Salvation Army (Victoria) Property Trust"
6c92ec9d-8e09-480e-b7cf-b96b327274da,"Animal Welfare League",SA,5118,sacommunity-classified,animal-welfare-league,11397137539,"Animal Welfare League Of South Australia Inc"
96d1e82e-f56f-4480-83e6-29767dd9c517,"Arthur's Bazaar Opportunity Shop",SA,5333,sacommunity-classified,loxcare,16020107180,"Loxcare Incorporated"
5e00f14e-af5a-4851-baa1-24d95d28e298,"Quaker Shop",SA,5067,sacommunity-classified,quakers-sa,66135131741,"The Religious Society Of Friends (South Australia and Northern Territory Regional Meeting) Incorporated"
991678bc-55a5-4423-8570-1193be7172ca,"Australian Red Cross",SA,5051,sacommunity-classified,red-cross,50169561394,"Australian Red Cross Society"
b777443e-c1cd-43cf-8126-eb0624d4769b,"Australian Red Cross Family Store",SA,5333,sacommunity-classified,red-cross,50169561394,"Australian Red Cross Society"
237d1027-5200-49d8-8e40-20ff255ab584,"The Salvation Army Thrift Shop",SA,5280,sacommunity-classified,salvation-army,13320346330,"The Salvation Army (SA) Property Trust"
b818ba8c-3548-440f-af02-28a62778bca0,"Bedford Group Kadina",SA,5554,sacommunity-classified,bedford,34158717447,"Bedford Group Ltd"
8605b47b-50cc-45b3-97ce-ac90c230e26d,"Careworks Cottage Op Shop",SA,5031,sacommunity-classified,careworks-sa,54771421307,"CareWorks Inc"
8af4cb76-e3c0-407c-a644-08fb1932a3c4,"Community Helpers Furniture Warehouse",SA,5355,sacommunity-classified,community-helpers-barossa,29110342685,"Community Helpers Incorporated"
0df2fd0a-a08b-4aad-8ff7-f1b4b28c46ad,"Salvation Army Thrift Shops",SA,5096,sacommunity-classified,salvation-army,13320346330,"The Salvation Army (SA) Property Trust"
cd1ebf11-910b-4964-9f89-cf89af134169,"Goodwill",SA,,sacommunity-classified,goodwill-sa,33174490373,"Uniting Communities Incorporated"
581c2d7e-2586-491b-a590-02d11849c32e,"Lifeline Op Shop",SA,5051,sacommunity-classified,lifeline-adelaide,33174490373,"Uniting Communities Incorporated (Lifeline Adelaide)"
62a76647-b7c1-43dc-ab39-bc2e9ae0f864,"Mallala Op-shop and Coffee House",SA,5502,sacommunity-classified,journey-uniting-church,70226116175,"The Journey Uniting Church"
ebefc668-bb25-4055-8284-deb9cb896392,"RSPCA Superstore",SA,5025,sacommunity-classified,rspca,60740135753,"Royal Society For The Prevention Of Cruelty To Animals (South Australia) Limited"
a85e1b4c-717e-45ef-9cc5-56e3845cd494,"Salvation Army Greenwith Op Shop",SA,5125,sacommunity-classified,salvation-army,13320346330,"The Salvation Army (SA) Property Trust"
2557b501-ed8e-4fa7-a288-1bf3de8006c7,"Salvation Army Warehouse",SA,5095,sacommunity-classified,salvation-army,13320346330,"The Salvation Army (SA) Property Trust"
c37fac27-fd2f-47fe-8d28-5e0af0d119eb,"Salvos Stores",SA,5159,sacommunity-classified,salvation-army,13320346330,"The Salvation Army (SA) Property Trust"
b0849436-287f-47a3-b6b3-d23a59029460,"St Vincent de Paul Society Opportunity Shop",SA,5253,sacommunity-classified,vinnies,73591401592,"St Vincent De Paul Society (SA) Inc"
7cadd04d-3b84-4134-9882-10d31f6a33f1,"Save the Children Australia Opportunity Shop",SA,5211,sacommunity-classified,save-the-children,99008610035,"Save The Children Australia"
239a4140-da3c-493c-abb9-c253a8c867ed,"Smithfield Family Store",SA,5114,sacommunity-classified,salvation-army,13320346330,"The Salvation Army (SA) Property Trust"
467c6a05-1f9c-4cd0-b584-3fc90a4ef1fc,"St Vincent de Paul Society Family Centre",SA,5062,sacommunity-classified,vinnies,73591401592,"St Vincent De Paul Society (SA) Inc"
1488e337-4f7a-4aa2-8ba0-0d00e36fc8fb,"Thrifty V",SA,5112,sacommunity-classified,thrifty-v,55911334857,"Lyell McEwin Volunteer Association"
1e40d235-ec85-4d48-8189-ff9e1807f4e7,"Thrifty V Elizabeth North",SA,5112,sacommunity-classified,thrifty-v,55911334857,"Lyell McEwin Volunteer Association"
b7257c48-7196-4123-b160-50c54861d586,"Thrifty V Superstore",SA,5112,sacommunity-classified,thrifty-v,55911334857,"Lyell McEwin Volunteer Association"
d663e616-a525-48b0-8a05-5be598731ea0,"West Works Recycling Enterprises",SA,5113,sacommunity-classified,anglicare-sa,69187578153,"Anglicare SA Ltd."