relname,kind,exact_rows,bytes
abr_registry,table,20006350,6906388480
mv_abr_name_lookup,matview,9038737,1365532672
gs_relationships,table,3429184,3419766784
political_donations,table,2549483,1142480896
asic_companies,table,2167533,1073078272
asic_name_lookup,table,2149868,333307904
privacy_audit_log,table,1278440,224624640
entity_xref,table,1211744,400965632
austender_contracts,table,823620,887193600
gs_entities,table,609448,5195890688
gs_entities_lga_backup_20260808,table,609416,46186496
mv_gs_entity_stats,matview,400276,370360320
acnc_ais,table,360488,474759168
gs_entities_lga_backup_20260809b,table,358347,20488192
gs_entities_lga_backup_20260809c,table,355797,20488192
mv_charity_network,matview,351455,29212672
person_roles,table,339698,507084800
mv_person_entity_network,matview,336444,95166464
mv_person_entity_crosswalk,matview,331239,113065984
mv_person_identity_network,matview,328939,181395456
grantconnect_awards,table,291264,400408576
mv_person_identity_influence,matview,241269,106954752
mv_person_identity_influence_v2,matview,241260,67026944
mv_person_network,matview,237990,68894720
mv_person_influence,matview,237340,58482688
mv_donation_contract_timing,matview,232474,66846720
person_identities,table,230434,82198528
state_tenders,table,199719,280813568
mv_entity_power_index,matview,188139,138698752
justice_funding,table,157116,408625152
ndis_utilisation,table,143987,23945216
ndis_active_providers,table,134572,95821824
dss_payment_demographics,table,105529,33726464
organizations,table,104427,163332096
gs_entities_lga_backup_20260809,table,98660,8953856
acnc_programs,table,98381,46505984
mv_entity_total_funding,matview,94088,33447936
mv_foundation_regranting,matview,85401,34439168
mv_trustee_grantee_chain,matview,79535,21667840
community_directory_orgs,table,76151,173449216
ndis_participants,table,67353,14483456
acnc_charities,table,66023,103563264
mv_org_justice_signals,matview,66023,19881984
mv_acnc_latest,matview,63555,55787520
assertions,table,59300,37675008
crime_stats_lga,table,58125,14491648
source_frontier,table,56081,65773568
mv_foundation_trends,matview,53985,15925248
procurement_alerts,table,53223,40558592
mv_fy_donation_contracts,matview,50685,10395648
ndis_registered_providers,table,48510,75177984
research_grants,table,46378,68370432
nz_charities,table,45192,122871808
foundation_category_assignments,table,42599,24944640
mv_charity_rankings,matview,42503,49405952
money_flows,table,42468,12902400
mv_board_interlocks,matview,39757,37871616
gs_entities_reason_backup_20260809b,table,39450,3784704
mv_funding_outcomes_summary,matview,39432,14778368
mv_board_power,matview,38199,15409152
page_views,table,38115,14581760
communications_history,table,31961,32284672
entity_identifiers,table,31451,19472384
ato_tax_transparency,table,26241,29122560
grant_opportunities,table,25897,846241792
webhook_delivery_log,table,25792,16859136
goods_supply_routes,table,23873,5652480
rogs_justice_spending,table,22364,13377536
act_grant_recommendations,matview,22252,27377664
knowledge_chunks,table,19413,84049920
opportunities_unified,table,17790,19775488
foundation_geo_focus,table,16942,7946240
_backup_entity_contacts_20260606,table,16664,1753088
gs_entity_aliases,table,16646,9003008
abs_locality_lga,table,16637,5947392
abs_sal_lga_ratio,table,16372,3440640
canonical_entities,table,15324,5873664
mv_foundation_grantees,matview,15003,4931584
person_identity_map,table,14919,9322496
ndis_market_concentration,table,14915,12820480
integration_events,table,14594,17424384
linkedin_contacts,table,13810,7307264
postcode_geo_lga_backup_20260809b,table,12299,892928
postcode_geo_state_backup_20260809e,table,12299,892928
postcode_geo_lga_backup_20260808,table,12299,892928
postcode_geo,table,12299,4997120
postcode_geo_lga_backup_20260809d,table,12299,892928
postcode_geo_lga_backup_20260809c,table,12299,892928
social_enterprises,table,12180,37642240
se_search_index,table,12180,16343040
foundations,table,11159,426688512
funder_intelligence,table,11159,12091392
ghl_sync_log,table,10665,3416064
seifa_2021,table,10572,1409024
mv_foundation_readiness,matview,10464,2932736
donor_entity_matches,table,10264,3317760
mv_trustee_grantee_overlaps,matview,10206,2170880
mv_foundation_landscape_top_foundations,matview,10129,3923968
foundation_power_profiles,table,10114,12730368
acara_schools,table,9755,3555328
site_health_checks,table,9608,8830976
outcomes_metrics,table,9193,5685248
alma_funding_opportunities,table,8538,33513472
qld_watchhouse_snapshot_rows,table,8488,2654208
ndis_participants_lga,table,8329,1466368
name_aliases,table,8046,3211264
mv_foundation_need_alignment,matview,7749,1728512
oric_corporations,table,7369,25419776
postcode_sa2_concordance,table,7261,811008
mv_funding_by_postcode,matview,7224,2572288
finance_receipt_documents,table,7172,13516800
civic_intelligence_chunks,table,7022,82255872
mv_revolving_door,matview,6976,3923968
agent_runs,table,6111,2154496
foundation_grantees,table,6001,14950400
mv_justice_charity_financial_health,matview,5898,1409024
xero_bank_transactions,table,5661,4579328
mv_youth_justice_entities,matview,5469,1449984
vic_grants_awarded,table,5202,8658944
ghl_contacts,table,5169,6184960
xero_transactions,table,5100,5054464
mv_justice_proven_suppliers,matview,4865,2719744
mv_grant_contract_overlap,matview,4865,1482752
memory_episodes,table,4587,16941056
goods_procurement_entities,table,4562,3375104
llm_usage,table,4452,1933312
finance_receipt_bank_line_links,table,4292,8749056
foundation_programs,table,4218,3612672
campaign_alignment_entities,table,4141,27123712
abs_poa_lga_ratio,table,3968,761856
calendar_events,table,3585,9519104
alma_intervention_outcomes,table,3109,9240576
grant_frontier_source_snapshots,table,3099,974848
civicscope_act_entity_bridge,table,3074,2367488
aihw_child_protection,table,2981,1105920
receipt_matches,table,2972,1761280
alma_outcomes,table,2869,3858432
relationship_health,table,2791,1974272
funder_board_paths,table,2651,1327104
mv_indigenous_procurement_score,matview,2647,720896
saved_grants,table,2620,1220608
receipt_emails,table,2582,2596864
person_entity_links,table,2571,1523712
alma_discovered_links,table,2544,2162688
mv_sa2_map_data,matview,2473,303104
sa2_reference,table,2473,458752
discoveries,table,2467,1785856
intelligence_insights,table,2428,1949696
mv_yj_report_state_program_partners,matview,2352,720896
xero_invoices,table,2332,4055040
ndis_compliance_actions,table,2322,5259264
mv_refresh_log,table,2260,548864
project_intelligence_snapshots,table,2254,2564096
contact_intelligence_insights,table,2197,1335296
receipt_pipeline_status,table,2195,1261568
mv_donor_contract_crossref,matview,2175,2465792
alma_interventions,table,2136,17891328
mv_gs_donor_contractors,matview,2097,2940928
alma_intervention_evidence,table,2065,720896
asx_companies,table,2036,3309568
mv_funding_deserts,matview,1997,630784
project_health_history,table,1982,4661248
alma_org_enrichment_candidates,table,1825,6365184
mv_foundation_scores,matview,1753,630784
mv_funding_by_lga,matview,1729,212992
civic_ministerial_diaries,table,1728,2433024
bank_statement_lines,table,1618,1867776
mv_yj_report_recipients,matview,1548,262144
agil_locations,table,1546,1015808
goods_communities,table,1542,2777088
xero_payments,table,1536,3883008
ndis_first_nations,table,1486,245760
data_catalog_snapshots,table,1419,352256
xero_contacts,table,1416,1466368
health_alerts,table,1394,483328
mv_triple_proof_suppliers,matview,1269,851968
knowledge_edges,table,1252,819200
goods_procurement_signals,table,1251,1466368
community_orgs,table,1215,2449408
org_project_foundations,table,1187,1130496
mv_lga_place_profile,matview,1145,581632
ghl_opportunities,table,1116,1507328
supporter_comms_summary,table,1101,1196032
imessage_attachments,table,1090,999424
organization_funding_summaries,table,1059,2547712
mv_individual_donors,matview,1041,245760
funder_context_snapshot,table,1038,778240
postcode_geo_lga_backup_20260809e,table,1029,98304
relationship_pipeline,table,1000,1245184
project_knowledge,table,995,9240576
alma_research_findings,table,979,2162688
notion_actions,table,957,1409024
agent_tasks,table,922,434176
alma_media_articles,table,872,4022272
communication_project_links,table,855,393216
stg_oric_dupe_pairs,table,847,270336
gs_entities_dedup_backup_20260809,table,822,8142848
dedup_tranche1_20260809,table,822,237568
contact_enrichments,table,812,933888
newsletter_candidates,table,800,1163264
grant_notification_outbox,table,771,1212416
funding_agent_workflows,table,741,573440
jr_site_research_items,table,690,745472
alert_events,table,662,221184
civic_ministerial_statements,table,649,4227072
civic_hansard,table,647,5996544
contact_entity_links,table,643,614400
dext_forwarded_emails,table,632,352256
alma_evidence,table,631,12001280
civic_org_classifications,table,626,819200
entity_potential_matches,table,620,385024
alma_dashboard_interventions,matview,617,237568
geo_resolution_gaps,table,600,565248
mv_disability_landscape,matview,598,147456
receipt_status,table,592,458752
mv_yj_report_alma_interventions,matview,581,180224
sprint_suggestions,table,573,532480
alma_daily_sentiment,matview,564,172032
contact_intelligence,table,509,466944
services,table,508,1392640
vendor_project_rules,table,507,360448
contact_project_links,table,487,475136
agent_proposals,table,478,1048576
xero_sync_log,table,469,204800
se_buyer_prospects,table,438,204800
foundation_program_years,table,431,589824
mv_evidence_backed_funding,matview,415,212992
wiki_pages,table,413,3563520
goods_asset_lifecycle,table,404,581632
alma_ingestion_jobs,table,404,294912
finance_ai_routing_suggestions,table,390,507904
dext_receipts,table,383,262144
sprint_snapshots,table,370,319488
goods_content_library,table,369,475136
justice_matrix_cases,table,367,8675328
wiki_search_index,table,363,15024128
mv_yj_report_heatmap,matview,361,114688
lga_cross_system_stats,table,361,671744
act_payable_decisions,table,359,221184
agent_task_queue,table,355,761856
tracker_site_snapshots,table,342,253952
mv_intervention_funding_chain,matview,341,212992
email_financial_documents,table,332,892928
justice_matrix_discovered,table,319,884736
alma_raw_content,table,313,4866048
civic_funding_yj_classifications,table,308,860160
mv_indigenous_proven_suppliers,matview,306,425984
goods_relationships,table,306,835584
mv_donor_person_crosslink,matview,294,245760
civic_alerts,table,293,589824
pulse_events,table,284,131072
mv_person_cross_system,matview,282,196608
mv_award_winner_by_theme,matview,275,155648
act_opportunity_benchmark_cases,table,275,319488
gs_entities_state_backup_20260809,table,271,40960
transcript_analysis,table,271,1032192
project_summaries,table,270,532480
youth_opportunities,table,263,319488
data_catalogue,table,261,1286144
civic_claim_evidence,table,250,466944
parliament_bills,table,249,819200
user_grant_tracking,table,234,188416
storytellers,table,227,2588672
alma_maturation_log,table,227,229376
media_items,table,219,671744
public_profiles,table,218,1032192
knowledge_links,table,213,155648
project_monthly_financials,table,210,352256
transcripts,table,208,1761280
mv_lga_indigenous_proxy_score,matview,208,98304
alma_government_programs,table,207,434176
project_health_analysis,table,204,221184
qld_watchhouse_snapshots,table,201,622592
community_outcome_validations,table,200,139264
mv_yj_report_foundations,matview,196,98304
agentic_projects,table,195,81920
community_events,table,192,425984
alma_program_interventions,table,192,81920
synced_stories,table,190,1974272
revenue_stream_projections,table,180,204800
supporters_intelligence,table,179,311296
project_contact_alignment,table,175,2826240
touchpoints,table,170,499712
gs_graph_completeness_log,table,169,106496
media_assets,table,168,270336
subscription_discovery_events,table,168,163840
exa_media_mentions,table,162,786432
data_agent_findings,table,161,393216
civic_meeting_tags,table,160,352256
pm2_cron_status,table,159,548864
mv_temporal_summary,matview,158,98304
saved_foundations,table,157,270336
cross_system_stats,table,148,180224
grant_discovery_runs,table,144,131072
grant_feedback,table,144,245760
project_contact_matches,table,143,253952
oversight_recommendations,table,139,303104
opportunity_context_events,table,137,401408
jr_site_metrics,table,133,376832
jr_site_impact_figures,table,132,417792
data_gap_questions,table,126,131072
person_role_holdings,table,126,139264
org_pipeline,table,125,303104
mv_project_quarter_position,matview,125,106496
organizations_profiles,table,125,458752
governed_proof_bundle_records,table,120,155648
alma_source_documents,table,117,368640
social_posts,table,104,401408
org_contacts,table,102,180224
mv_yj_report_contracts,matview,99,65536
agent_audit_log,table,99,172032
grant_application_requirements,table,98,73728
agent_schedules,table,95,163840
v_austender_procurement_by_type,matview,94,73728
profile_sync_log,table,92,270336
alma_sentiment_program_correlation,matview,91,73728
act_grant_recommendation_decisions,table,89,139264
civic_intelligence_claims,table,88,688128
notion_calendar,table,85,139264
story_attribution_events,table,85,172032
people,table,84,147456
media_processing_jobs,table,82,32768
projects,table,81,278528
notion_projects,table,80,950272
crm_contact_organization_affiliations,table,75,294912
civic_charter_commitments,table,75,286720
nt_communities,table,75,196608
notion_organizations,table,74,483328
location_project_rules,table,73,49152
idea_board,table,73,188416
ghl_tags,table,72,49152
notion_projects_cache,table,70,581632
subscriptions,table,68,180224
international_programs,table,67,245760
justice_matrix_campaigns,table,67,1736704
project_intelligence,table,67,589824
discovered_subscriptions,table,66,278528
project_pipelines,table,63,73728
data_sources_inventory,table,63,147456
policy_events,table,63,139264
charity_impact_reports,table,62,294912
goal_updates,table,61,81920
mv_yj_report_state_top_orgs,matview,59,40960
enrichment_reviews,table,57,638976
foundation_relationship_signals,table,55,172032
el_storytellers,table,55,98304
campaign_outreach,table,53,73728
contact_cadence_metrics,table,52,73728
collections_actions,table,52,114688
contact_support_recommendations,table,52,221184
el_transcripts,table,52,647168
mv_yj_report_state_programs,matview,52,40960
articles,table,49,671744
jm_external_cache,table,48,172032
subscription_patterns,table,48,49152
justice_matrix_sources,table,48,147456
content_placements,table,48,155648
justice_matrix_queries,table,48,98304
project_funding_drawdowns,table,48,114688
discrimination_reports,table,47,32768
contact_intelligence_scores,table,47,65536
act_opportunity_observatory,table,47,499712
goals_2026,table,47,139264
invoice_project_overrides,table,46,65536
pending_subscriptions,table,46,131072
project_health,table,46,163840
org_grant_budget_lines,table,46,81920
jr_sites,table,46,172032
bgfit_budget_items,table,46,81920
financial_summary,table,45,40960
jr_site_research,table,44,90112
jr_site_links,table,44,81920
org_programs,table,44,98304
funding_ingest_sources,table,44,65536
partner_photos,table,43,139264
notion_opportunities,table,43,376832
image_overrides,table,43,122880
alma_dashboard_queue,matview,42,24576
article_locations,table,42,65536
finance_receipt_ingestion_runs,table,42,139264
profile_appearances,table,41,147456
bookkeeping_rules,table,41,49152
funder_allowlist,table,40,98304
coroners_findings,table,39,532480
alma_tags,table,39,81920
tracker_evidence_events,table,39,352256
review_media_links,table,38,81920
org_program_source_links,table,38,114688
jm_rate_limits,table,38,81920
notion_meetings,table,37,147456
grant_answer_bank,table,37,958464
blog_posts,table,37,630784
procurement_shortlist_events,table,37,131072
quotes,table,37,573440
notion_grants,table,37,172032
governed_proof_tasks,table,37,147456
sprint_items,table,36,65536
funding_relationship_engagements,table,34,172032
analysis_jobs,table,34,131072
foundation_people,table,33,131072
ai_discoveries,table,33,368640
role_taxonomy,table,33,65536
grant_applications,table,33,131072
grant_source_plugins,table,32,65536
review_projects,table,31,335872
v_grant_focus_areas,matview,30,40960
ignored_email_patterns,table,30,49152
event_registrations,table,30,139264
v_ato_largest_entities,matview,30,40960
v_grant_provider_summary,matview,30,65536
partner_stories,table,29,98304
content_link_suggestions,table,29,155648
agent_registry,table,29,180224
notion_decisions,table,28,139264
reminders,table,27,98304
facility_partnerships,table,27,229376
bgfit_deadlines,table,27,49152
research_items,table,27,278528
org_deadlines,table,27,98304
government_programs,table,27,114688
signal_content,table,27,106496
grant_assets,table,26,32768
community_submissions,table,26,81920
gmail_messages,table,25,655360
v_austender_top_charities,matview,25,40960
data_catalog,table,25,131072
v_austender_top_oric,matview,25,65536
api_usage,table,25,65536
sync_status,table,25,114688
mv_yj_report_dss_payments,matview,24,40960
org_action_items,table,24,114688
review_curated_entries,table,24,139264
founder_intake_messages,table,23,90112
org_sessions,table,23,98304
project_media_links,table,23,90112
blog_posts_profiles,table,23,81920
mv_foundation_landscape_geo,matview,23,57344
bgfit_transactions,table,22,81920
fellows,table,22,114688
pulse_reports,table,22,229376
project_support_graph,table,22,352256
locations,table,21,65536
org_participants,table,21,65536
youth_detention_facilities,table,21,147456
portraits,table,21,98304
entity_merge_log,table,21,122880
alma_locations,table,20,49152
repo_project_links,table,19,81920
ghl_pipelines,table,19,237568
mmr_unspsc_categories,table,19,49152
registered_services,table,19,376832
editable_content,table,19,65536
act_ask_none_owed,table,19,32768
justice_matrix_issues,table,18,147456
civic_consultancy_spending,table,18,114688
anao_mmr_exemptions,table,18,49152
v_austender_supplier_tax,matview,18,40960
invoice_project_map,table,18,49152
goods_tranches,table,17,106496
org_compliance_docs,table,17,65536
users,table,17,65536
civic_rti_disclosures,table,17,98304
exa_enrichment_queue,table,17,81920
tag_inference_rules,table,17,49152
historical_inquiries,table,17,106496
exa_linkedin_profiles,table,17,114688
financial_snapshots,table,17,147456
anao_mmr_compliance,table,17,49152
governed_proof_bundles,table,16,229376
civic_metric_snapshots,table,16,65536
agent_actions,table,16,49152
foundation_categories,table,16,32768
agentic_tasks,table,16,131072
project_storytellers,table,16,98304
org_project_foundation_research,table,16,114688
newsletter_subscriptions,table,16,98304
mv_foundation_landscape_category,matview,16,57344
bgfit_suppliers,table,15,49152
media_item,table,15,32768
ce_metrics,table,15,49152
fundraising_pipeline,table,14,32768
org_projects,table,14,212992
partner_impact_metrics,table,14,49152
partner_storytellers,table,14,114688
sa3_regions,table,14,32768
knowledge_extraction_queue,table,14,294912
profiles,table,14,98304
sessions,table,14,32768
project_salary_allocations,table,14,65536
alma_stories,table,14,106496
communication_user_actions,table,13,49152
justice_reinvestment_sites,table,13,98304
aihw_youth_justice_stats,table,13,81920
project_budgets,table,13,81920
agents,table,13,32768
justice_matrix_gaps,table,13,81920
events,table,13,163840
contact_votes,table,13,49152
mv_yj_report_unfunded_programs,matview,13,40960
strategic_objectives,table,13,98304
subscription_history,table,13,32768
act_grant_recommendation_projects,table,12,81920
member_actions,table,12,65536
org_leadership,table,12,98304
project_focus_areas,table,12,65536
funder_blocklist,table,12,65536
exa_company_intelligence,table,12,106496
knowledge_sources,table,12,122880
project_funding_allocations,table,12,49152
tagging_sweep_runs,table,12,270336
api_pricing,table,11,49152
organization_members,table,11,114688
project_funding_profiles,table,11,319488
partner_external_links,table,11,32768
children_commissioner_reports,table,11,671744
procurement_workflow_runs,table,11,65536
mv_award_history_by_theme,matview,11,40960
partner_goals,table,10,49152
mv_yj_report_ndis_overlay,matview,10,40960
scag_communiques,table,10,65536
org_milestones,table,10,49152
ti_usage_log,table,10,81920
enrollment_codes,table,10,81920
alma_community_contexts,table,10,106496
mv_yj_report_alma_type_counts,matview,10,40960
review_videos,table,9,65536
justicehub_nodes,table,9,32768
compliance_tracking,table,9,81920
alma_entity_sources,table,9,81920
mv_closing_the_gap_state_summary,matview,9,40960
resource_allocations,table,9,32768
signal_events,table,9,98304
jr_evaluations,table,9,155648
stories,table,9,98304
story_analysis,table,9,163840
tour_stops,table,9,155648
goods_funding_matters,table,9,155648
auditor_general_audits,table,8,589824
org_referrals,table,8,49152
project_strategic_profile,table,8,32768
funding_outcome_commitments,table,8,131072
article_related_programs,table,8,81920
org_grants,table,8,65536
goods_funding_routes,table,8,131072
mv_acnc_ais_yearly,matview,8,32768
gmail_contacts,table,7,98304
project_profiles,table,7,335872
governed_proof_runs,table,7,65536
contained_capture_log,table,7,81920
organization_capability_profiles,table,7,245760
campaign_nominations,table,7,98304
cms_pages,table,7,98304
ecosystem_sites,table,7,49152
opportunity_decisions,table,7,90112
sector_map_cache,table,7,81920
photos,table,7,65536
ecosystem_projects,table,7,98304
art_innovation,table,7,245760
campaign_nomination_upvotes,table,7,65536
opportunity_promotions,table,7,81920
pulse_report_links,table,6,65536
revenue_streams,table,6,49152
mv_foundation_landscape_access,matview,6,40960
campaign_content,table,6,32768
org_project_foundation_interactions,table,6,65536
partner_videos,table,6,147456
mv_data_quality,matview,6,24576
coe_key_people,table,6,65536
photo_album_photos,table,6,73728
platform_media_items,table,6,196608
platform_media_processing_jobs,table,6,32768
community_outcome_definitions,table,6,49152
daily_reflections,table,6,163840
founder_intakes,table,6,81920
program_summaries,table,6,65536
learned_thresholds,table,6,98304
scraped_services,table,6,98304
procurement_shortlist_items,table,5,131072
procurement_pack_exports,table,5,155648
agentic_work_log,table,5,65536
alma_extraction_patterns,table,5,49152
goods_governance_readiness,table,5,106496
outcome_submissions,table,5,114688
clearinghouse_documents,table,5,90112
collection_media,table,5,49152
xero_bank_accounts,table,5,49152
data_sources,table,5,98304
funding_awards,table,5,180224
knowledge_source_sync,table,5,49152
mv_yj_report_remoteness,matview,5,40960
partner_contacts,table,5,49152
place_funding_snapshot,table,5,49152
goods_capital_blocks,table,5,81920
sync_events,table,5,122880
act_research_experiments,table,5,65536
user_profiles,table,5,163840
agent_runtime_state,table,4,262144
funding_programs,table,4,163840
jm_external_ids,table,4,81920
org_members,table,4,65536
grant_funder_documents,table,4,49152
witta_contributions,table,4,65536
pipeline_changes,table,4,49152
mv_board_contractor_links,matview,4,40960
business_alerts,table,4,98304
goods_products,table,4,49152
audit_events,table,4,65536
bgfit_grants,table,4,65536
team_members,table,4,32768
mv_crossref_quality,matview,4,24576
project_commentary,table,4,49152
australian_frameworks,table,4,131072
email_response_templates,table,4,49152
storyteller_videos,table,3,81920
revenue_scenarios,table,3,49152
storyteller_media,table,3,81920
campaign_alignment_runs,table,3,32768
alert_preferences,table,3,81920
funding_match_recommendations,table,3,180224
story_reactions,table,3,65536
campaign_tracked_posts,table,3,49152
partnership_inquiries,table,3,81920
funding_outcome_updates,table,3,81920
funding_sources,table,3,106496
media_collections,table,3,81920
funder_profiles,table,3,81920
pmpp_knowledge,table,3,155648
sync_state,table,3,49152
jm_subscribers,table,3,49152
wiki_articles,table,3,81920
procurement_shortlist_comments,table,3,81920
alma_consent_ledger,table,3,65536
v_austender_entity_summary,matview,3,40960
alma_impact_metrics,table,3,65536
harvest_events,table,3,65536
justice_matrix_case_campaigns,table,3,98304
org_profiles,table,3,270336
act_communities,table,3,49152
app_config,table,2,32768
receipt_match_history,table,2,49152
photo_storyteller_tags,table,2,81920
pulse_responses,table,2,32768
photo_albums,table,2,98304
photo_album_shares,table,2,65536
pending_form_submissions,table,2,65536
event_feedback,table,2,49152
harvest_businesses,table,2,65536
funder_briefs,table,2,98304
services_profiles,table,2,98304
intelligence_briefings,table,2,49152
funding_discovery_review_workspace,table,2,98304
funding_application_draft_workspace,table,2,131072
story_comments,table,2,49152
organization_claims,table,2,57344
mv_board_donor_links,matview,2,40960
charity_claims,table,2,65536
ce_users,table,2,65536
cashflow_scenarios,table,2,32768
org_applicant_entities,table,2,81920
studio_projects,table,2,114688
jm_result_events,table,2,49152
jm_watches,table,2,81920
agentic_chat,table,2,49152
site_config,table,2,65536
telegram_conversations,table,2,90112
mentor_profiles,table,2,106496
alma_research_tool_logs,table,2,49152
alma_research_sessions,table,2,81920
report_leads,table,2,65536
funding_weekly_cycles,table,2,155648
alma_funding_applications,table,2,81920
user_identities,table,2,131072
alma_funding_data,table,2,98304
mv_yj_report_acco_gap,matview,2,24576
xero_tokens,table,2,278528
procurement_tasks,table,2,172032
procurement_shortlists,table,2,114688
mentorships,table,1,81920
metrics,table,1,32768
act_entities,table,1,49152
bookkeeping_sync_state,table,1,65536
knowledge_versions,table,1,122880
app_users,table,1,49152
migration_email_templates,table,1,49152
v_austender_stats,matview,1,40960
procurement_shortlist_watches,table,1,81920
project_pairings,table,1,65536
privacy_settings,table,1,32768
user_gamification_stats,table,1,49152
recommendation_outcomes,table,1,147456
place_corrections,table,1,49152
page_gallery,table,1,49152
project_research,table,1,49152
xero_bas_tracking,table,1,65536
mv_funding_by_disadvantage,matview,1,40960
exa_api_usage,table,1,40960
newsletter_drafts,table,1,98304
ralph_tasks,table,1,81920
authors,table,1,81920
jr_site_authorities,table,1,49152
v_grant_stats,matview,1,65536
platform_organizations,table,1,114688
mv_multi_board_persons,matview,1,40960
ralph_prds,table,1,65536
intelligence_refusals,table,1,49152
intelligence_geo_alerts,table,1,49152
xero_sync_status,table,1,49152
act_research_initiatives,table,1,49152
contact_submissions,table,1,98304
event_reactions,table,1,65536
review_year_settings,table,1,90112
processing_jobs,table,1,8192
art_innovation_profiles,table,1,98304
gmail_sync_status,table,1,49152
public_spending_transactions,table,1,114688
financial_overview_cache,table,1,417792
product_events,table,1,81920
jm_answers,table,1,73728
gmail_auth_tokens,table,1,65536
civic_digests,table,1,49152
integration_outbox,table,1,81920
messages,table,1,49152
pipeline_runs,table,1,32768
mv_yj_report_coverage,matview,1,16384
procurement_team_settings,table,0,65536
vendor_contact_log,table,0,40960
alma_conversations,table,0,32768
nz_gets_contracts,table,0,57344
governed_proof_gold_set_cases,table,0,32768
act_ask_artefacts,table,0,24576
act_ask_warmers,table,0,24576
act_person_roles,table,0,24576
ghl_task_bridge,table,0,16384
governed_proof_gold_sets,table,0,24576
act_obligations,table,0,32768
integration_webhook_events,table,0,32768
digest_log,table,0,24576
jr_publication_snapshots,table,0,40960
wiki_page_versions,table,0,32768
dext_supplier_setup_status,table,0,24576
funding_ghl_callback_events,table,0,24576
funding_ghl_handoffs,table,0,40960
story_related_sites,table,0,49152
jr_evidence_drafts,table,0,40960
jr_outcome_evidence_links,table,0,73728
stg_ratio_winners,table,0,32768
youth_survey_results,table,0,49152
mv_indigenous_funding_by_disadvantage,matview,0,40960
stg_straddler_refill,table,0,16384
funder_nudge_log,table,0,40960
community_reflections,table,0,32768
qbe_evaluations,table,0,98304
ndis_sda,table,0,24576
jr_review_decisions,table,0,40960
project_backers,table,0,32768
goods_cost_allocation_decisions,table,0,98304
dream_journal,table,0,73728
entity_watches,table,0,40960
archival_memory,table,0,131072
funder_portfolio_entities,table,0,40960
report_submissions,table,0,49152
funder_portfolios,table,0,24576
stg_pc_ratio_decided,table,0,32768
goods_deployment_batches,table,0,40960
founder_intake_signals,table,0,32768
ndis_plan_budgets,table,0,40960
compliance_ack,table,0,24576
tour_stories,table,0,40960
report_feedback,table,0,73728
act_people,table,0,32768
device_sessions,table,0,81920
goods_route_allocations,table,0,32768
api_keys,table,0,40960
organization_outreach_log,table,0,40960
bocsar_youth_offending,table,0,32768
mv_api_usage_daily,matview,0,16384
act_community_links,table,0,24576
registered_services_profiles,table,0,114688
tour_reactions,table,0,40960
procurement_webhook_receipts,table,0,65536
idea_ack,table,0,24576
ask_grantscope_corrections,table,0,81920
member_wall_entries,table,0,16384
ndis_providers,table,0,40960
validation_reviews,table,0,57344
pilot_participants,table,0,49152
procurement_notification_channels,table,0,81920
story_related_programs,table,0,81920
bocsar_source_files,table,0,24576
abs_raw_responses,table,0,24576
idea_snoozes,table,0,32768
abs_indigenous_population_by_lga,table,0,32768
organization_sync_log,table,0,40960
procurement_pending_team_invites,table,0,65536
telegram_mutes,table,0,32768
kiosk_control_signals,table,0,24576
exhibition_service_submissions,table,0,32768
procurement_notification_outbox,table,0,73728
foundation_notes,table,0,32768
alert_notifications,table,0,24576
peer_validations,table,0,40960
enrichment_candidates,table,0,188416
acnc_ais_line_items,table,0,32768
whats_new_subscribers,table,0,32768
jm_answer_feedback,table,0,65536
jm_eval_cases,table,0,24576
jr_outcomes,table,0,32768
bgfit_financial_periods,table,0,16384
network_memberships,table,0,81920
voice_notes,table,0,90112
record_grants,table,0,65536
data_corrections,table,0,32768
