conname,src_table,src_cols,tgt_table,tgt_cols
procurement_shortlist_items_last_reviewed_by_fkey,procurement_shortlist_items,last_reviewed_by,users,id
procurement_shortlist_items_shortlist_id_fkey,procurement_shortlist_items,shortlist_id,procurement_shortlists,id
procurement_shortlists_approval_locked_by_fkey,procurement_shortlists,approval_locked_by,profiles,id
procurement_shortlists_approved_by_fkey,procurement_shortlists,approved_by,profiles,id
procurement_shortlists_approved_pack_export_id_fkey,procurement_shortlists,approved_pack_export_id,procurement_pack_exports,id
procurement_shortlists_approver_user_id_fkey,procurement_shortlists,approver_user_id,profiles,id
procurement_shortlists_last_pack_export_id_fkey,procurement_shortlists,last_pack_export_id,procurement_pack_exports,id
procurement_shortlists_org_profile_id_fkey,procurement_shortlists,org_profile_id,org_profiles,id
procurement_shortlists_owner_user_id_fkey,procurement_shortlists,owner_user_id,profiles,id
procurement_shortlists_reopened_by_fkey,procurement_shortlists,reopened_by,profiles,id
procurement_shortlists_requested_by_fkey,procurement_shortlists,requested_by,profiles,id
procurement_workflow_runs_org_profile_id_fkey,procurement_workflow_runs,org_profile_id,org_profiles,id
procurement_workflow_runs_shortlist_id_fkey,procurement_workflow_runs,shortlist_id,procurement_shortlists,id
procurement_workflow_runs_user_id_fkey,procurement_workflow_runs,user_id,users,id
procurement_shortlist_events_org_profile_id_fkey,procurement_shortlist_events,org_profile_id,org_profiles,id
procurement_shortlist_events_shortlist_id_fkey,procurement_shortlist_events,shortlist_id,procurement_shortlists,id
procurement_shortlist_events_shortlist_item_id_fkey,procurement_shortlist_events,shortlist_item_id,procurement_shortlist_items,id
procurement_shortlist_events_user_id_fkey,procurement_shortlist_events,user_id,users,id
procurement_shortlist_watches_org_profile_id_fkey,procurement_shortlist_watches,org_profile_id,org_profiles,id
procurement_shortlist_watches_shortlist_id_fkey,procurement_shortlist_watches,shortlist_id,procurement_shortlists,id
procurement_alerts_org_profile_id_fkey,procurement_alerts,org_profile_id,org_profiles,id
procurement_alerts_shortlist_id_fkey,procurement_alerts,shortlist_id,procurement_shortlists,id
procurement_alerts_shortlist_item_id_fkey,procurement_alerts,shortlist_item_id,procurement_shortlist_items,id
procurement_tasks_alert_id_fkey,procurement_tasks,alert_id,procurement_alerts,id
procurement_tasks_assignee_user_id_fkey,procurement_tasks,assignee_user_id,profiles,id
procurement_tasks_completed_by_fkey,procurement_tasks,completed_by,profiles,id
procurement_tasks_org_profile_id_fkey,procurement_tasks,org_profile_id,org_profiles,id
procurement_tasks_shortlist_id_fkey,procurement_tasks,shortlist_id,procurement_shortlists,id
procurement_tasks_shortlist_item_id_fkey,procurement_tasks,shortlist_item_id,procurement_shortlist_items,id
procurement_pack_exports_org_profile_id_fkey,procurement_pack_exports,org_profile_id,org_profiles,id
procurement_pack_exports_shortlist_id_fkey,procurement_pack_exports,shortlist_id,procurement_shortlists,id
procurement_pack_exports_workflow_run_id_fkey,procurement_pack_exports,workflow_run_id,procurement_workflow_runs,id
jm_external_ids_record_id_fkey,jm_external_ids,record_id,justice_matrix_cases,id
act_ask_none_owed_org_profile_id_fkey,act_ask_none_owed,org_profile_id,org_profiles,id
act_obligations_community_id_fkey,act_obligations,community_id,act_communities,id
act_obligations_org_profile_id_fkey,act_obligations,org_profile_id,org_profiles,id
justice_matrix_discovered_approved_campaign_id_fkey,justice_matrix_discovered,approved_campaign_id,justice_matrix_campaigns,id
justice_matrix_discovered_approved_case_id_fkey,justice_matrix_discovered,approved_case_id,justice_matrix_cases,id
justice_matrix_discovered_source_id_fkey,justice_matrix_discovered,source_id,justice_matrix_sources,id
crm_contact_organization_affiliations_ghl_contact_id_fkey,crm_contact_organization_affiliations,ghl_contact_id,ghl_contacts,id
crm_contact_organization_affiliations_gs_entity_id_fkey,crm_contact_organization_affiliations,gs_entity_id,gs_entities,id
crm_contact_organization_affiliations_organization_id_fkey,crm_contact_organization_affiliations,organization_id,organizations,id
crm_contact_organization_affiliations_reviewed_by_fkey,crm_contact_organization_affiliations,reviewed_by,users,id
governed_proof_runs_task_id_fkey,governed_proof_runs,task_id,governed_proof_tasks,id
governed_proof_bundle_records_bundle_id_fkey,governed_proof_bundle_records,bundle_id,governed_proof_bundles,id
governed_proof_gold_set_cases_gold_set_id_fkey,governed_proof_gold_set_cases,gold_set_id,governed_proof_gold_sets,id
pulse_reports_reviewed_by_fkey,pulse_reports,reviewed_by,users,id
person_identities_role_id_fkey,person_identities,role_id,person_roles,id
procurement_notification_outbox_alert_id_fkey,procurement_notification_outbox,alert_id,procurement_alerts,id
procurement_notification_outbox_org_profile_id_fkey,procurement_notification_outbox,org_profile_id,org_profiles,id
procurement_notification_outbox_pack_export_id_fkey,procurement_notification_outbox,pack_export_id,procurement_pack_exports,id
procurement_notification_outbox_recipient_user_id_fkey,procurement_notification_outbox,recipient_user_id,profiles,id
procurement_notification_outbox_shortlist_id_fkey,procurement_notification_outbox,shortlist_id,procurement_shortlists,id
procurement_notification_outbox_task_id_fkey,procurement_notification_outbox,task_id,procurement_tasks,id
procurement_pending_team_invites_org_profile_id_fkey,procurement_pending_team_invites,org_profile_id,org_profiles,id
procurement_notification_channels_org_profile_id_fkey,procurement_notification_channels,org_profile_id,org_profiles,id
procurement_shortlist_comments_author_user_id_fkey,procurement_shortlist_comments,author_user_id,profiles,id
procurement_shortlist_comments_org_profile_id_fkey,procurement_shortlist_comments,org_profile_id,org_profiles,id
procurement_shortlist_comments_pack_export_id_fkey,procurement_shortlist_comments,pack_export_id,procurement_pack_exports,id
procurement_shortlist_comments_shortlist_id_fkey,procurement_shortlist_comments,shortlist_id,procurement_shortlists,id
procurement_shortlist_comments_shortlist_item_id_fkey,procurement_shortlist_comments,shortlist_item_id,procurement_shortlist_items,id
procurement_webhook_receipts_channel_id_fkey,procurement_webhook_receipts,channel_id,procurement_notification_channels,id
procurement_webhook_receipts_org_profile_id_fkey,procurement_webhook_receipts,org_profile_id,org_profiles,id
act_community_links_community_id_fkey,act_community_links,community_id,act_communities,id
pulse_report_links_report_id_fkey,pulse_report_links,report_id,pulse_reports,id
page_gallery_updated_by_fkey,page_gallery,updated_by,users,id
agent_audit_log_parent_audit_id_fkey,agent_audit_log,parent_audit_id,agent_audit_log,id
organization_funding_summaries_confirmed_by_fkey,organization_funding_summaries,confirmed_by,users,id
organization_funding_summaries_organization_id_fkey,organization_funding_summaries,organization_id,organizations,id
organization_funding_summaries_withdrawn_by_fkey,organization_funding_summaries,withdrawn_by,users,id
qld_watchhouse_snapshot_rows_snapshot_id_fkey,qld_watchhouse_snapshot_rows,snapshot_id,qld_watchhouse_snapshots,id
act_people_org_profile_id_fkey,act_people,org_profile_id,org_profiles,id
idea_board_pipeline_link_id_fkey,idea_board,pipeline_link_id,relationship_pipeline,id
wiki_pages_org_profile_id_fkey,wiki_pages,org_profile_id,org_profiles,id
wiki_pages_parent_method_id_fkey,wiki_pages,parent_method_id,wiki_pages,id
wiki_pages_parent_practice_id_fkey,wiki_pages,parent_practice_id,wiki_pages,id
wiki_pages_parent_principle_id_fkey,wiki_pages,parent_principle_id,wiki_pages,id
wiki_pages_updated_by_fkey,wiki_pages,updated_by,users,id
wiki_pages_verified_by_fkey,wiki_pages,verified_by,users,id
vic_grants_awarded_gs_entity_id_fkey,vic_grants_awarded,gs_entity_id,gs_entities,id
agent_task_queue_assigned_agent_fkey,agent_task_queue,assigned_agent,agents,id
agent_task_queue_conversation_id_fkey,agent_task_queue,conversation_id,alma_conversations,id
jr_site_research_jr_site_id_fkey,jr_site_research,jr_site_id,jr_sites,id
jr_site_research_updated_by_fkey,jr_site_research,updated_by,users,id
act_grant_recommendation_decisions_decided_by_fkey,act_grant_recommendation_decisions,decided_by,users,id
act_grant_recommendation_decisions_grant_opportunity_id_fkey,act_grant_recommendation_decisions,grant_opportunity_id,grant_opportunities,id
act_grant_recommendation_decisions_opportunity_id_fkey,act_grant_recommendation_decisions,opportunity_id,alma_funding_opportunities,id
project_funding_profiles_org_profile_id_fkey,project_funding_profiles,org_profile_id,org_profiles,id
project_funding_profiles_org_project_id_fkey,project_funding_profiles,org_project_id,org_projects,id
agent_tasks_run_id_fkey,agent_tasks,run_id,agent_runs,id
ai_discoveries_storyteller_id_fkey,ai_discoveries,storyteller_id,storytellers,id
ai_discoveries_transcript_id_fkey,ai_discoveries,transcript_id,transcripts,id
agentic_tasks_project_id_fkey,agentic_tasks,project_id,agentic_projects,id
funder_context_snapshot_foundation_id_fkey,funder_context_snapshot,foundation_id,foundations,id
name_aliases_canonical_entity_id_fkey,name_aliases,canonical_entity_id,gs_entities,id
alma_interventions_gs_entity_id_fkey,alma_interventions,gs_entity_id,gs_entities,id
alma_interventions_linked_community_program_id_fkey,alma_interventions,linked_community_program_id,registered_services,id
alma_interventions_linked_service_id_fkey,alma_interventions,linked_service_id,services,id
alma_interventions_operating_organization_id_fkey,alma_interventions,operating_organization_id,organizations,id
alma_interventions_reviewed_by_fkey,alma_interventions,reviewed_by,users,id
alma_media_articles_job_id_fkey,alma_media_articles,job_id,alma_ingestion_jobs,id
organizations_merged_into_fkey,organizations,merged_into,organizations,id
goods_supply_routes_community_id_fkey,goods_supply_routes,community_id,goods_communities,id
goods_procurement_entities_community_id_fkey,goods_procurement_entities,community_id,goods_communities,id
agentic_work_log_project_id_fkey,agentic_work_log,project_id,agentic_projects,id
agentic_work_log_task_id_fkey,agentic_work_log,task_id,agentic_tasks,id
alma_tags_parent_id_fkey,alma_tags,parent_id,alma_tags,id
data_catalog_snapshots_table_name_fkey,data_catalog_snapshots,table_name,data_catalog,table_name
goods_procurement_signals_asset_id_fkey,goods_procurement_signals,asset_id,goods_asset_lifecycle,id
goods_procurement_signals_buyer_entity_id_fkey,goods_procurement_signals,buyer_entity_id,goods_procurement_entities,id
goods_procurement_signals_community_id_fkey,goods_procurement_signals,community_id,goods_communities,id
goods_procurement_signals_product_id_fkey,goods_procurement_signals,product_id,goods_products,id
content_link_suggestions_reviewed_by_fkey,content_link_suggestions,reviewed_by,users,id
funding_ghl_handoffs_created_by_fkey,funding_ghl_handoffs,created_by,users,id
funding_ghl_handoffs_decision_id_fkey,funding_ghl_handoffs,decision_id,act_grant_recommendation_decisions,id
funding_ghl_handoffs_opportunity_id_fkey,funding_ghl_handoffs,opportunity_id,alma_funding_opportunities,id
funding_ghl_handoffs_org_profile_id_fkey,funding_ghl_handoffs,org_profile_id,org_profiles,id
funding_ghl_handoffs_org_project_id_fkey,funding_ghl_handoffs,org_project_id,org_projects,id
alma_evidence_author_profile_id_fkey,alma_evidence,author_profile_id,public_profiles,id
alma_extraction_patterns_superseded_by_fkey,alma_extraction_patterns,superseded_by,alma_extraction_patterns,id
alma_entity_sources_source_document_id_fkey,alma_entity_sources,source_document_id,alma_source_documents,id
project_storytellers_project_id_fkey,project_storytellers,project_id,projects,id
project_storytellers_storyteller_id_fkey,project_storytellers,storyteller_id,storytellers,id
jr_site_research_items_jr_site_id_fkey,jr_site_research_items,jr_site_id,jr_sites,id
jr_site_research_items_parent_item_id_fkey,jr_site_research_items,parent_item_id,jr_site_research_items,id
jr_site_research_items_updated_by_fkey,jr_site_research_items,updated_by,users,id
alma_funding_applications_opportunity_id_fkey,alma_funding_applications,opportunity_id,alma_funding_opportunities,id
alma_funding_applications_organization_id_fkey,alma_funding_applications,organization_id,organizations,id
postcode_sa2_concordance_sa2_code_fkey,postcode_sa2_concordance,sa2_code,sa2_reference,sa2_code
alma_intervention_evidence_evidence_id_fkey,alma_intervention_evidence,evidence_id,alma_evidence,id
alma_intervention_evidence_intervention_id_fkey,alma_intervention_evidence,intervention_id,alma_interventions,id
alma_intervention_outcomes_intervention_id_fkey,alma_intervention_outcomes,intervention_id,alma_interventions,id
alma_intervention_outcomes_outcome_id_fkey,alma_intervention_outcomes,outcome_id,alma_outcomes,id
alma_program_interventions_intervention_id_fkey,alma_program_interventions,intervention_id,alma_interventions,id
alma_program_interventions_program_id_fkey,alma_program_interventions,program_id,alma_government_programs,id
funding_weekly_cycles_org_profile_id_fkey,funding_weekly_cycles,org_profile_id,org_profiles,id
jr_site_impact_figures_jr_site_id_fkey,jr_site_impact_figures,jr_site_id,jr_sites,id
jr_site_impact_figures_measures_item_id_fkey,jr_site_impact_figures,measures_item_id,jr_site_research_items,id
jr_site_impact_figures_updated_by_fkey,jr_site_impact_figures,updated_by,users,id
community_programs_alma_intervention_id_fkey,registered_services,alma_intervention_id,alma_interventions,id
community_programs_organization_id_fkey,registered_services,organization_id,organizations,id
community_programs_service_id_fkey,registered_services,service_id,services,id
registered_services_linked_service_id_fkey,registered_services,linked_service_id,services,id
alma_research_findings_session_id_fkey,alma_research_findings,session_id,alma_research_sessions,id
digest_log_org_profile_id_fkey,digest_log,org_profile_id,org_profiles,id
org_deadlines_grant_id_fkey,org_deadlines,grant_id,org_grants,id
org_deadlines_organization_id_fkey,org_deadlines,organization_id,organizations,id
alma_research_sessions_user_id_fkey,alma_research_sessions,user_id,users,id
alma_research_tool_logs_session_id_fkey,alma_research_tool_logs,session_id,alma_research_sessions,id
ghl_task_bridge_org_profile_id_fkey,ghl_task_bridge,org_profile_id,org_profiles,id
act_person_roles_person_id_fkey,act_person_roles,person_id,act_people,id
act_ask_warmers_org_profile_id_fkey,act_ask_warmers,org_profile_id,org_profiles,id
act_ask_warmers_person_id_fkey,act_ask_warmers,person_id,act_people,id
person_roles_entity_id_fkey,person_roles,entity_id,gs_entities,id
person_roles_person_entity_id_fkey,person_roles,person_entity_id,gs_entities,id
act_ask_artefacts_org_profile_id_fkey,act_ask_artefacts,org_profile_id,org_profiles,id
act_payable_decisions_decided_by_fkey,act_payable_decisions,decided_by,users,id
act_payable_decisions_invoice_id_fkey,act_payable_decisions,invoice_id,xero_invoices,id
source_frontier_foundation_id_fkey,source_frontier,foundation_id,foundations,id
source_frontier_gs_entity_id_fkey,source_frontier,gs_entity_id,gs_entities,id
analysis_jobs_storyteller_id_fkey,analysis_jobs,storyteller_id,storytellers,id
analysis_jobs_transcript_id_fkey,analysis_jobs,transcript_id,transcripts,id
art_innovation_organization_id_fkey,art_innovation,organization_id,organizations,id
art_innovation_program_id_fkey,art_innovation,program_id,registered_services,id
nz_charities_gs_entity_id_fkey,nz_charities,gs_entity_id,gs_entities,id
nz_gets_contracts_gs_entity_id_fkey,nz_gets_contracts,gs_entity_id,gs_entities,id
art_innovation_profiles_art_innovation_id_fkey,art_innovation_profiles,art_innovation_id,art_innovation,id
art_innovation_profiles_public_profile_id_fkey,art_innovation_profiles,public_profile_id,public_profiles,id
article_locations_article_id_fkey,article_locations,article_id,articles,id
org_program_source_links_funder_entity_id_fkey,org_program_source_links,funder_entity_id,gs_entities,id
org_program_source_links_org_program_id_fkey,org_program_source_links,org_program_id,org_programs,id
org_program_source_links_parent_funder_entity_id_fkey,org_program_source_links,parent_funder_entity_id,gs_entities,id
article_related_programs_article_id_fkey,article_related_programs,article_id,articles,id
article_related_programs_program_id_fkey,article_related_programs,program_id,registered_services,id
articles_author_id_fkey,articles,author_id,public_profiles,id
articles_organization_id_fkey,articles,organization_id,organizations,id
alma_conversations_user_id_fkey,alma_conversations,user_id,users,id
tracker_site_snapshots_run_id_fkey,tracker_site_snapshots,run_id,agent_runs,id
authors_public_profile_id_fkey,authors,public_profile_id,public_profiles,id
project_profiles_org_profile_id_fkey,project_profiles,org_profile_id,org_profiles,id
procurement_team_settings_org_profile_id_fkey,procurement_team_settings,org_profile_id,org_profiles,id
procurement_team_settings_user_id_fkey,procurement_team_settings,user_id,profiles,id
grant_frontier_source_snapshots_run_id_fkey,grant_frontier_source_snapshots,run_id,agent_runs,id
social_posts_organization_id_fkey,social_posts,organization_id,organizations,id
social_posts_project_id_fkey,social_posts,project_id,projects,id
agentic_chat_project_id_fkey,agentic_chat,project_id,agentic_projects,id
agentic_chat_task_id_fkey,agentic_chat,task_id,agentic_tasks,id
agent_proposals_action_id_fkey,agent_proposals,action_id,agent_actions,id
agent_proposals_parent_proposal_id_fkey,agent_proposals,parent_proposal_id,agent_proposals,id
foundation_people_foundation_id_fkey,foundation_people,foundation_id,foundations,id
foundation_people_person_entity_id_fkey,foundation_people,person_entity_id,gs_entities,id
grant_notification_outbox_alert_preference_id_fkey,grant_notification_outbox,alert_preference_id,alert_preferences,id
grant_notification_outbox_grant_id_fkey,grant_notification_outbox,grant_id,grant_opportunities,id
grant_notification_outbox_org_profile_id_fkey,grant_notification_outbox,org_profile_id,org_profiles,id
grant_notification_outbox_user_id_fkey,grant_notification_outbox,user_id,profiles,id
bgfit_grants_organization_id_fkey,bgfit_grants,organization_id,organizations,id
bgfit_budget_items_grant_id_fkey,bgfit_budget_items,grant_id,bgfit_grants,id
bgfit_budget_items_reallocated_from_item_id_fkey,bgfit_budget_items,reallocated_from_item_id,bgfit_budget_items,id
bgfit_transactions_budget_item_id_fkey,bgfit_transactions,budget_item_id,bgfit_budget_items,id
bgfit_transactions_grant_id_fkey,bgfit_transactions,grant_id,bgfit_grants,id
bgfit_deadlines_grant_id_fkey,bgfit_deadlines,grant_id,bgfit_grants,id
network_memberships_basecamp_id_fkey,network_memberships,basecamp_id,organizations,id
network_memberships_organization_id_fkey,network_memberships,organization_id,organizations,id
bgfit_suppliers_organization_id_fkey,bgfit_suppliers,organization_id,organizations,id
bgfit_financial_periods_organization_id_fkey,bgfit_financial_periods,organization_id,organizations,id
act_communities_org_profile_id_fkey,act_communities,org_profile_id,org_profiles,id
alert_events_alert_preference_id_fkey,alert_events,alert_preference_id,alert_preferences,id
alert_events_grant_id_fkey,alert_events,grant_id,grant_opportunities,id
alert_events_notification_id_fkey,alert_events,notification_id,grant_notification_outbox,id
alert_events_user_id_fkey,alert_events,user_id,users,id
blog_posts_author_id_fkey,blog_posts,author_id,public_profiles,id
enrichment_candidates_entity_id_fkey,enrichment_candidates,entity_id,gs_entities,id
peer_validations_from_org_id_fkey,peer_validations,from_org_id,organizations,id
peer_validations_to_org_id_fkey,peer_validations,to_org_id,organizations,id
alert_notifications_alert_id_fkey,alert_notifications,alert_id,alert_preferences,id
blog_posts_profiles_blog_post_id_fkey,blog_posts_profiles,blog_post_id,blog_posts,id
blog_posts_profiles_public_profile_id_fkey,blog_posts_profiles,public_profile_id,public_profiles,id
grant_answer_bank_org_profile_id_fkey,grant_answer_bank,org_profile_id,org_profiles,id
grant_answer_bank_source_grant_id_fkey,grant_answer_bank,source_grant_id,grant_opportunities,id
org_applicant_entities_linked_gs_entity_id_fkey,org_applicant_entities,linked_gs_entity_id,gs_entities,id
org_applicant_entities_org_profile_id_fkey,org_applicant_entities,org_profile_id,org_profiles,id
organization_sync_log_organization_id_fkey,organization_sync_log,organization_id,organizations,id
idea_snoozes_idea_id_fkey,idea_snoozes,idea_id,idea_board,id
campaign_alignment_entities_person_id_fkey,campaign_alignment_entities,person_id,person_identity_map,person_id
product_events_org_profile_id_fkey,product_events,org_profile_id,org_profiles,id
product_events_user_id_fkey,product_events,user_id,users,id
alert_preferences_user_id_fkey,alert_preferences,user_id,users,id
grant_feedback_grant_id_fkey,grant_feedback,grant_id,grant_opportunities,id
grant_feedback_org_profile_id_fkey,grant_feedback,org_profile_id,org_profiles,id
grant_feedback_project_profile_id_fkey,grant_feedback,project_profile_id,project_profiles,id
grant_feedback_user_id_fkey,grant_feedback,user_id,users,id
pilot_participants_linked_org_profile_id_fkey,pilot_participants,linked_org_profile_id,org_profiles,id
pilot_participants_linked_user_id_fkey,pilot_participants,linked_user_id,profiles,id
pilot_participants_owner_user_id_fkey,pilot_participants,owner_user_id,profiles,id
outcome_submissions_proof_bundle_id_fkey,outcome_submissions,proof_bundle_id,governed_proof_bundles,id
outcome_submissions_reviewed_by_fkey,outcome_submissions,reviewed_by,users,id
outcome_submissions_submitted_by_fkey,outcome_submissions,submitted_by,users,id
member_actions_user_id_fkey,member_actions,user_id,users,id
org_project_foundation_research_org_profile_id_fkey,org_project_foundation_research,org_profile_id,org_profiles,id
org_project_foundation_research_org_project_foundation_id_fkey,org_project_foundation_research,org_project_foundation_id,org_project_foundations,id
org_project_foundation_research_org_project_id_fkey,org_project_foundation_research,org_project_id,org_projects,id
charity_claims_user_id_fkey,charity_claims,user_id,users,id
org_project_foundation_interacti_org_project_foundation_id_fkey,org_project_foundation_interactions,org_project_foundation_id,org_project_foundations,id
org_project_foundation_interactions_org_profile_id_fkey,org_project_foundation_interactions,org_profile_id,org_profiles,id
org_project_foundation_interactions_org_project_id_fkey,org_project_foundation_interactions,org_project_id,org_projects,id
coe_key_people_profile_id_fkey,coe_key_people,profile_id,public_profiles,id
collection_media_collection_id_fkey,collection_media,collection_id,media_collections,id
collection_media_media_id_fkey,collection_media,media_id,media_items,id
communication_project_links_communication_id_fkey,communication_project_links,communication_id,communications_history,id
communication_user_actions_communication_id_fkey,communication_user_actions,communication_id,communications_history,id
communications_history_from_identity_fkey,communications_history,from_identity,user_identities,id
communications_history_ghl_contact_id_fkey,communications_history,ghl_contact_id,ghl_contacts,ghl_id
communications_history_parent_id_fkey,communications_history,parent_id,communications_history,id
ask_grantscope_corrections_benchmark_case_id_fkey,ask_grantscope_corrections,benchmark_case_id,act_opportunity_benchmark_cases,id
ask_grantscope_corrections_corrected_by_fkey,ask_grantscope_corrections,corrected_by,users,id
ask_grantscope_corrections_opportunity_id_fkey,ask_grantscope_corrections,opportunity_id,alma_funding_opportunities,id
idea_ack_idea_id_fkey,idea_ack,idea_id,idea_board,id
community_programs_profiles_program_id_fkey,registered_services_profiles,program_id,registered_services,id
community_programs_profiles_public_profile_id_fkey,registered_services_profiles,public_profile_id,public_profiles,id
email_financial_documents_subscription_id_fkey,email_financial_documents,subscription_id,discovered_subscriptions,id
justice_reinvestment_sites_gs_entity_id_fkey,justice_reinvestment_sites,gs_entity_id,gs_entities,id
organization_claims_organization_id_fkey,organization_claims,organization_id,organizations,id
organization_claims_user_id_fkey,organization_claims,user_id,users,id
organization_claims_verified_by_fkey,organization_claims,verified_by,users,id
contact_intelligence_scores_person_id_fkey,contact_intelligence_scores,person_id,person_identity_map,person_id
organization_outreach_log_organization_id_fkey,organization_outreach_log,organization_id,organizations,id
organization_outreach_log_sent_by_fkey,organization_outreach_log,sent_by,users,id
contact_project_links_entity_id_fkey,contact_project_links,entity_id,canonical_entities,id
contact_entity_links_contact_id_fkey,contact_entity_links,contact_id,ghl_contacts,id
contact_entity_links_entity_id_fkey,contact_entity_links,entity_id,gs_entities,id
content_placements_media_item_id_fkey,content_placements,media_item_id,media_items,id
content_placements_placed_by_fkey,content_placements,placed_by,users,id
contact_votes_ghl_contact_id_fkey,contact_votes,ghl_contact_id,ghl_contacts,ghl_id
knowledge_versions_approved_by_fkey,knowledge_versions,approved_by,users,id
knowledge_versions_changed_by_fkey,knowledge_versions,changed_by,users,id
api_keys_org_id_fkey,api_keys,org_id,org_profiles,id
api_usage_key_id_fkey,api_usage,key_id,api_keys,id
alma_org_enrichment_candidates_organization_id_fkey,alma_org_enrichment_candidates,organization_id,organizations,id
alma_org_enrichment_candidates_reviewed_by_fkey,alma_org_enrichment_candidates,reviewed_by,users,id
opportunity_context_events_decision_id_fkey,opportunity_context_events,decision_id,opportunity_decisions,id
opportunity_context_events_org_profile_id_fkey,opportunity_context_events,org_profile_id,org_profiles,id
el_transcripts_storyteller_id_fkey,el_transcripts,storyteller_id,el_storytellers,id
discrimination_reports_sa3_code_fkey,discrimination_reports,sa3_code,sa3_regions,sa3_code
project_funding_drawdowns_allocation_id_fkey,project_funding_drawdowns,allocation_id,project_funding_allocations,id
project_funding_drawdowns_xero_invoice_id_fkey,project_funding_drawdowns,xero_invoice_id,xero_invoices,xero_id
enrichment_reviews_reviewed_by_fkey,enrichment_reviews,reviewed_by,users,id
entity_identifiers_entity_id_fkey,entity_identifiers,entity_id,canonical_entities,id
event_reactions_event_id_fkey,event_reactions,event_id,integration_events,id
entity_merge_log_surviving_entity_id_fkey,entity_merge_log,surviving_entity_id,canonical_entities,id
entity_potential_matches_entity_a_id_fkey,entity_potential_matches,entity_a_id,canonical_entities,id
entity_potential_matches_entity_b_id_fkey,entity_potential_matches,entity_b_id,canonical_entities,id
exa_enrichment_queue_person_id_fkey,exa_enrichment_queue,person_id,person_identity_map,person_id
events_node_id_fkey,events,node_id,justicehub_nodes,id
events_organization_id_fkey,events,organization_id,organizations,id
events_project_id_fkey,events,project_id,art_innovation,id
exa_linkedin_profiles_person_id_fkey,exa_linkedin_profiles,person_id,person_identity_map,person_id
exa_media_mentions_person_id_fkey,exa_media_mentions,person_id,person_identity_map,person_id
facility_partnerships_facility_id_fkey,facility_partnerships,facility_id,youth_detention_facilities,id
facility_partnerships_organization_id_fkey,facility_partnerships,organization_id,organizations,id
facility_partnerships_program_id_fkey,facility_partnerships,program_id,registered_services,id
facility_partnerships_service_id_fkey,facility_partnerships,service_id,services,id
device_sessions_enrollment_code_id_fkey,device_sessions,enrollment_code_id,enrollment_codes,id
org_programs_org_profile_id_fkey,org_programs,org_profile_id,org_profiles,id
org_programs_project_id_fkey,org_programs,project_id,org_projects,id
org_leadership_org_profile_id_fkey,org_leadership,org_profile_id,org_profiles,id
org_leadership_project_id_fkey,org_leadership,project_id,org_projects,id
funding_agent_workflows_triggered_by_user_id_fkey,funding_agent_workflows,triggered_by_user_id,users,id
funding_application_draft_workspace_application_id_fkey,funding_application_draft_workspace,application_id,alma_funding_applications,id
funding_application_draft_workspace_created_by_fkey,funding_application_draft_workspace,created_by,users,id
funding_application_draft_workspace_opportunity_id_fkey,funding_application_draft_workspace,opportunity_id,alma_funding_opportunities,id
funding_application_draft_workspace_organization_id_fkey,funding_application_draft_workspace,organization_id,organizations,id
funding_application_draft_workspace_updated_by_fkey,funding_application_draft_workspace,updated_by,users,id
funding_awards_application_id_fkey,funding_awards,application_id,alma_funding_applications,id
funding_awards_created_by_user_id_fkey,funding_awards,created_by_user_id,users,id
funding_awards_funding_program_id_fkey,funding_awards,funding_program_id,funding_programs,id
funding_awards_opportunity_id_fkey,funding_awards,opportunity_id,alma_funding_opportunities,id
funding_awards_organization_id_fkey,funding_awards,organization_id,organizations,id
funding_discovery_review_workspace_created_by_fkey,funding_discovery_review_workspace,created_by,users,id
funding_discovery_review_workspace_organization_id_fkey,funding_discovery_review_workspace,organization_id,organizations,id
funding_discovery_review_workspace_updated_by_fkey,funding_discovery_review_workspace,updated_by,users,id
foundations_gs_entity_id_fkey,foundations,gs_entity_id,gs_entities,id
foundation_programs_foundation_id_fkey,foundation_programs,foundation_id,foundations,id
funding_relationship_engagemen_parent_conversation_task_id_fkey,funding_relationship_engagements,parent_conversation_task_id,agent_task_queue,id
funding_relationship_engagements_created_by_fkey,funding_relationship_engagements,created_by,users,id
funding_relationship_engagements_opportunity_id_fkey,funding_relationship_engagements,opportunity_id,alma_funding_opportunities,id
funding_relationship_engagements_organization_id_fkey,funding_relationship_engagements,organization_id,organizations,id
funding_relationship_engagements_recommendation_id_fkey,funding_relationship_engagements,recommendation_id,funding_match_recommendations,id
funding_relationship_engagements_source_follow_up_task_id_fkey,funding_relationship_engagements,source_follow_up_task_id,agent_task_queue,id
funding_relationship_engagements_updated_by_fkey,funding_relationship_engagements,updated_by,users,id
funding_match_recommendations_capability_profile_id_fkey,funding_match_recommendations,capability_profile_id,organization_capability_profiles,id
funding_match_recommendations_generated_by_workflow_id_fkey,funding_match_recommendations,generated_by_workflow_id,funding_agent_workflows,id
funding_match_recommendations_opportunity_id_fkey,funding_match_recommendations,opportunity_id,alma_funding_opportunities,id
funding_match_recommendations_organization_id_fkey,funding_match_recommendations,organization_id,organizations,id
funding_outcome_commitments_funding_award_id_fkey,funding_outcome_commitments,funding_award_id,funding_awards,id
funding_outcome_commitments_organization_id_fkey,funding_outcome_commitments,organization_id,organizations,id
funding_outcome_updates_commitment_id_fkey,funding_outcome_updates,commitment_id,funding_outcome_commitments,id
funding_outcome_updates_reported_by_user_id_fkey,funding_outcome_updates,reported_by_user_id,users,id
funding_programs_funding_source_id_fkey,funding_programs,funding_source_id,funding_sources,id
funding_programs_linked_opportunity_id_fkey,funding_programs,linked_opportunity_id,alma_funding_opportunities,id
org_projects_org_profile_id_fkey,org_projects,org_profile_id,org_profiles,id
org_projects_parent_project_id_fkey,org_projects,parent_project_id,org_projects,id
fundraising_pipeline_stream_id_fkey,fundraising_pipeline,stream_id,revenue_streams,id
ghl_contacts_canonical_entity_id_fkey,ghl_contacts,canonical_entity_id,canonical_entities,id
founder_intakes_org_profile_id_fkey,founder_intakes,org_profile_id,org_profiles,id
founder_intakes_user_id_fkey,founder_intakes,user_id,users,id
founder_intake_messages_intake_id_fkey,founder_intake_messages,intake_id,founder_intakes,id
ghl_opportunities_ghl_contact_id_fkey,ghl_opportunities,ghl_contact_id,ghl_contacts,ghl_id
knowledge_extraction_queue_reviewed_by_fkey,knowledge_extraction_queue,reviewed_by,users,id
knowledge_extraction_queue_wiki_page_id_fkey,knowledge_extraction_queue,wiki_page_id,wiki_pages,id
gmail_auth_tokens_user_id_fkey,gmail_auth_tokens,user_id,users,id
pipeline_changes_opportunity_id_fkey,pipeline_changes,opportunity_id,opportunities_unified,id
funder_portfolios_user_id_fkey,funder_portfolios,user_id,users,id
funder_portfolio_entities_entity_id_fkey,funder_portfolio_entities,entity_id,gs_entities,id
funder_portfolio_entities_portfolio_id_fkey,funder_portfolio_entities,portfolio_id,funder_portfolios,id
goal_updates_goal_id_fkey,goal_updates,goal_id,goals_2026,id
entity_watches_entity_id_fkey,entity_watches,entity_id,gs_entities,id
entity_watches_user_id_fkey,entity_watches,user_id,users,id
grant_applications_opportunity_id_fkey,grant_applications,opportunity_id,grant_opportunities,id
goods_cost_allocation_decisions_xero_invoice_id_fkey,goods_cost_allocation_decisions,xero_invoice_id,xero_invoices,id
grant_funder_documents_opportunity_id_fkey,grant_funder_documents,opportunity_id,grant_opportunities,id
project_strategic_profile_project_code_fkey,project_strategic_profile,project_code,projects,code
strategic_objectives_parent_id_fkey,strategic_objectives,parent_id,strategic_objectives,id
gs_relationships_source_entity_id_fkey,gs_relationships,source_entity_id,gs_entities,id
gs_relationships_target_entity_id_fkey,gs_relationships,target_entity_id,gs_entities,id
health_alerts_site_id_fkey,health_alerts,site_id,ecosystem_sites,id
foundation_category_assignments_category_slug_fkey,foundation_category_assignments,category_slug,foundation_categories,category_slug
foundation_category_assignments_foundation_id_fkey,foundation_category_assignments,foundation_id,foundations,id
imessage_attachments_communication_id_fkey,imessage_attachments,communication_id,communications_history,id
act_grant_recommendation_projects_org_project_id_fkey,act_grant_recommendation_projects,org_project_id,org_projects,id
grant_opportunities_foundation_id_fkey,grant_opportunities,foundation_id,foundations,id
international_programs_created_by_fkey,international_programs,created_by,users,id
org_pipeline_funder_entity_id_fkey,org_pipeline,funder_entity_id,gs_entities,id
org_pipeline_org_profile_id_fkey,org_pipeline,org_profile_id,org_profiles,id
org_pipeline_project_id_fkey,org_pipeline,project_id,org_projects,id
justice_funding_alma_intervention_id_fkey,justice_funding,alma_intervention_id,alma_interventions,id
justice_funding_alma_organization_id_fkey,justice_funding,alma_organization_id,organizations,id
qbe_evaluations_pipeline_id_fkey,qbe_evaluations,pipeline_id,org_pipeline,id
funder_profiles_organization_id_fkey,funder_profiles,organization_id,organizations,id
funder_profiles_user_id_fkey,funder_profiles,user_id,users,id
knowledge_chunks_consolidated_into_fkey,knowledge_chunks,consolidated_into,project_knowledge,id
knowledge_chunks_org_profile_id_fkey,knowledge_chunks,org_profile_id,org_profiles,id
knowledge_sources_org_profile_id_fkey,knowledge_sources,org_profile_id,org_profiles,id
knowledge_sources_superseded_by_fkey,knowledge_sources,superseded_by,knowledge_sources,id
knowledge_sources_verified_by_fkey,knowledge_sources,verified_by,users,id
pmpp_knowledge_parent_method_id_fkey,pmpp_knowledge,parent_method_id,pmpp_knowledge,id
pmpp_knowledge_parent_practice_id_fkey,pmpp_knowledge,parent_practice_id,pmpp_knowledge,id
pmpp_knowledge_parent_principle_id_fkey,pmpp_knowledge,parent_principle_id,pmpp_knowledge,id
knowledge_links_source_id_fkey,knowledge_links,source_id,project_knowledge,id
knowledge_links_target_id_fkey,knowledge_links,target_id,project_knowledge,id
fk_linkedin_contacts_person,linkedin_contacts,person_id,person_identity_map,person_id
goods_asset_lifecycle_community_id_fkey,goods_asset_lifecycle,community_id,goods_communities,id
media_items_created_by_fkey,media_items,created_by,users,id
media_processing_jobs_media_id_fkey,media_processing_jobs,media_id,media_items,id
goods_deployment_batches_community_id_fkey,goods_deployment_batches,community_id,goods_communities,id
messages_portrait_id_fkey,messages,portrait_id,portraits,id
finance_receipt_bank_line_links_bank_line_id_fkey,finance_receipt_bank_line_links,bank_line_id,bank_statement_lines,id
finance_receipt_bank_line_links_receipt_document_id_fkey,finance_receipt_bank_line_links,receipt_document_id,finance_receipt_documents,id
civic_funding_yj_classifications_confirmed_by_fkey,civic_funding_yj_classifications,confirmed_by,users,id
civic_funding_yj_classifications_funding_id_fkey,civic_funding_yj_classifications,funding_id,justice_funding,id
civic_intelligence_claims_verified_by_fkey,civic_intelligence_claims,verified_by,users,id
civic_org_classifications_confirmed_by_fkey,civic_org_classifications,confirmed_by,users,id
civic_org_classifications_organization_id_fkey,civic_org_classifications,organization_id,organizations,id
civic_meeting_tags_confirmed_by_fkey,civic_meeting_tags,confirmed_by,users,id
civic_meeting_tags_diary_id_fkey,civic_meeting_tags,diary_id,civic_ministerial_diaries,id
exhibition_service_submissions_matched_organization_id_fkey,exhibition_service_submissions,matched_organization_id,organizations,id
funder_intelligence_foundation_id_fkey,funder_intelligence,foundation_id,foundations,id
org_grant_budget_lines_grant_id_fkey,org_grant_budget_lines,grant_id,org_grants,id
org_grant_budget_lines_organization_id_fkey,org_grant_budget_lines,organization_id,organizations,id
org_action_items_organization_id_fkey,org_action_items,organization_id,organizations,id
org_compliance_docs_organization_id_fkey,org_compliance_docs,organization_id,organizations,id
org_grants_application_id_fkey,org_grants,application_id,alma_funding_applications,id
org_grants_organization_id_fkey,org_grants,organization_id,organizations,id
org_members_invited_by_fkey,org_members,invited_by,users,id
org_members_org_profile_id_fkey,org_members,org_profile_id,org_profiles,id
org_members_user_id_fkey,org_members,user_id,users,id
org_milestones_grant_id_fkey,org_milestones,grant_id,org_grants,id
org_milestones_organization_id_fkey,org_milestones,organization_id,organizations,id
org_participants_organization_id_fkey,org_participants,organization_id,organizations,id
org_referrals_organization_id_fkey,org_referrals,organization_id,organizations,id
org_sessions_grant_id_fkey,org_sessions,grant_id,org_grants,id
org_sessions_organization_id_fkey,org_sessions,organization_id,organizations,id
organization_capability_profiles_organization_id_fkey,organization_capability_profiles,organization_id,organizations,id
org_profiles_user_id_fkey,org_profiles,user_id,users,id
person_role_holdings_organization_id_fkey,person_role_holdings,organization_id,organizations,id
person_role_holdings_person_id_fkey,person_role_holdings,person_id,people,id
organization_members_organization_id_fkey,organization_members,organization_id,organizations,id
organization_members_user_id_fkey,organization_members,user_id,profiles,id
organizations_profiles_organization_id_fkey,organizations_profiles,organization_id,organizations,id
organizations_profiles_public_profile_id_fkey,organizations_profiles,public_profile_id,public_profiles,id
funder_board_paths_foundation_id_fkey,funder_board_paths,foundation_id,foundations,id
partner_external_links_organization_id_fkey,partner_external_links,organization_id,organizations,id
partner_goals_organization_id_fkey,partner_goals,organization_id,organizations,id
partner_contacts_organization_id_fkey,partner_contacts,organization_id,organizations,id
goods_relationships_entity_id_fkey,goods_relationships,entity_id,gs_entities,id
partner_storytellers_node_id_fkey,partner_storytellers,node_id,justicehub_nodes,id
partner_storytellers_organization_id_fkey,partner_storytellers,organization_id,organizations,id
partner_impact_metrics_organization_id_fkey,partner_impact_metrics,organization_id,organizations,id
partner_photos_node_id_fkey,partner_photos,node_id,justicehub_nodes,id
partner_photos_organization_id_fkey,partner_photos,organization_id,organizations,id
partner_photos_project_id_fkey,partner_photos,project_id,art_innovation,id
partner_stories_node_id_fkey,partner_stories,node_id,justicehub_nodes,id
partner_stories_organization_id_fkey,partner_stories,organization_id,organizations,id
partner_videos_node_id_fkey,partner_videos,node_id,justicehub_nodes,id
partner_videos_organization_id_fkey,partner_videos,organization_id,organizations,id
partner_videos_project_id_fkey,partner_videos,project_id,art_innovation,id
goods_tranches_funding_route_id_fkey,goods_tranches,funding_route_id,goods_funding_routes,id
goods_tranches_relationship_id_fkey,goods_tranches,relationship_id,goods_relationships,id
org_contacts_goods_relationship_id_fkey,org_contacts,goods_relationship_id,goods_relationships,id
org_contacts_linked_entity_id_fkey,org_contacts,linked_entity_id,gs_entities,id
org_contacts_org_profile_id_fkey,org_contacts,org_profile_id,org_profiles,id
org_contacts_person_id_fkey,org_contacts,person_id,person_identity_map,person_id
org_contacts_project_id_fkey,org_contacts,project_id,org_projects,id
photo_album_photos_album_id_fkey,photo_album_photos,album_id,photo_albums,id
photo_album_photos_photo_id_fkey,photo_album_photos,photo_id,photos,id
photo_album_shares_album_id_fkey,photo_album_shares,album_id,photo_albums,id
photo_albums_cover_photo_id_fkey,photo_albums,cover_photo_id,photos,id
photo_albums_storyteller_id_fkey,photo_albums,storyteller_id,storytellers,id
photo_storyteller_tags_photo_id_fkey,photo_storyteller_tags,photo_id,photos,id
photo_storyteller_tags_storyteller_id_fkey,photo_storyteller_tags,storyteller_id,storytellers,id
platform_media_items_platform_organization_id_fkey,platform_media_items,platform_organization_id,platform_organizations,id
platform_media_processing_jobs_media_id_fkey,platform_media_processing_jobs,media_id,platform_media_items,id
platform_media_processing_jobs_platform_organization_id_fkey,platform_media_processing_jobs,platform_organization_id,platform_organizations,id
profile_appearances_public_profile_id_fkey,profile_appearances,public_profile_id,public_profiles,id
profile_sync_log_public_profile_id_fkey,profile_sync_log,public_profile_id,public_profiles,id
jr_site_links_created_by_fkey,jr_site_links,created_by,users,id
jr_site_links_from_site_id_fkey,jr_site_links,from_site_id,jr_sites,id
jr_site_links_to_site_id_fkey,jr_site_links,to_site_id,jr_sites,id
profiles_id_fkey,profiles,id,users,id
profiles_primary_organization_id_fkey,profiles,primary_organization_id,organizations,id
jr_sites_lead_organization_id_fkey,jr_sites,lead_organization_id,organizations,id
story_related_sites_jr_site_id_fkey,story_related_sites,jr_site_id,jr_sites,id
project_contact_matches_contact_id_fkey,project_contact_matches,contact_id,linkedin_contacts,id
project_contact_matches_person_id_fkey,project_contact_matches,person_id,person_identity_map,person_id
jr_review_decisions_actor_id_fkey,jr_review_decisions,actor_id,users,id
jr_review_decisions_jr_evidence_draft_id_fkey,jr_review_decisions,jr_evidence_draft_id,jr_evidence_drafts,id
jr_review_decisions_jr_outcome_evidence_link_id_fkey,jr_review_decisions,jr_outcome_evidence_link_id,jr_outcome_evidence_links,id
jr_review_decisions_jr_outcome_id_fkey,jr_review_decisions,jr_outcome_id,jr_outcomes,id
jr_outcomes_approved_by_fkey,jr_outcomes,approved_by,users,id
jr_outcomes_created_by_fkey,jr_outcomes,created_by,users,id
jr_outcomes_jr_site_id_fkey,jr_outcomes,jr_site_id,jr_sites,id
jr_outcomes_updated_by_fkey,jr_outcomes,updated_by,users,id
jr_outcomes_withdrawn_by_fkey,jr_outcomes,withdrawn_by,users,id
jr_outcome_evidence_links_approved_by_fkey,jr_outcome_evidence_links,approved_by,users,id
jr_outcome_evidence_links_created_by_fkey,jr_outcome_evidence_links,created_by,users,id
jr_outcome_evidence_links_jr_evaluation_id_fkey,jr_outcome_evidence_links,jr_evaluation_id,jr_evaluations,id
jr_outcome_evidence_links_jr_outcome_id_fkey,jr_outcome_evidence_links,jr_outcome_id,jr_outcomes,id
jr_outcome_evidence_links_jr_site_metric_id_fkey,jr_outcome_evidence_links,jr_site_metric_id,jr_site_metrics,id
jr_outcome_evidence_links_story_related_site_id_fkey,jr_outcome_evidence_links,story_related_site_id,story_related_sites,id
jr_outcome_evidence_links_updated_by_fkey,jr_outcome_evidence_links,updated_by,users,id
jr_outcome_evidence_links_withdrawn_by_fkey,jr_outcome_evidence_links,withdrawn_by,users,id
jr_publication_snapshots_created_by_fkey,jr_publication_snapshots,created_by,users,id
jr_publication_snapshots_jr_site_id_fkey,jr_publication_snapshots,jr_site_id,jr_sites,id
jr_publication_snapshots_published_by_fkey,jr_publication_snapshots,published_by,users,id
jr_publication_snapshots_withdrawn_by_fkey,jr_publication_snapshots,withdrawn_by,users,id
project_knowledge_superseded_by_fkey,project_knowledge,superseded_by,project_knowledge,id
project_media_links_media_id_fkey,project_media_links,media_id,media_items,id
jr_evidence_drafts_created_by_fkey,jr_evidence_drafts,created_by,users,id
jr_evidence_drafts_jr_site_id_fkey,jr_evidence_drafts,jr_site_id,jr_sites,id
jr_evidence_drafts_promoted_by_fkey,jr_evidence_drafts,promoted_by,users,id
jr_evidence_drafts_promoted_evaluation_id_fkey,jr_evidence_drafts,promoted_evaluation_id,jr_evaluations,id
jr_evidence_drafts_promoted_evidence_link_id_fkey,jr_evidence_drafts,promoted_evidence_link_id,jr_outcome_evidence_links,id
jr_evidence_drafts_promoted_metric_id_fkey,jr_evidence_drafts,promoted_metric_id,jr_site_metrics,id
jr_evidence_drafts_selected_outcome_id_fkey,jr_evidence_drafts,selected_outcome_id,jr_outcomes,id
jr_evidence_drafts_story_related_site_id_fkey,jr_evidence_drafts,story_related_site_id,story_related_sites,id
jr_evidence_drafts_updated_by_fkey,jr_evidence_drafts,updated_by,users,id
public_profiles_user_id_fkey,public_profiles,user_id,users,id
projects_organization_id_fkey,projects,organization_id,organizations,id
projects_parent_project_fkey,projects,parent_project,projects,code
public_spending_transactions_entered_by_user_id_fkey,public_spending_transactions,entered_by_user_id,users,id
public_spending_transactions_funding_program_id_fkey,public_spending_transactions,funding_program_id,funding_programs,id
public_spending_transactions_opportunity_id_fkey,public_spending_transactions,opportunity_id,alma_funding_opportunities,id
public_spending_transactions_organization_id_fkey,public_spending_transactions,organization_id,organizations,id
quotes_storyteller_id_fkey,quotes,storyteller_id,storytellers,id
quotes_transcript_id_fkey,quotes,transcript_id,transcripts,id
pulse_events_portrait_id_fkey,pulse_events,portrait_id,portraits,id
jr_site_authorities_jr_site_id_fkey,jr_site_authorities,jr_site_id,jr_sites,id
jr_site_authorities_organization_id_fkey,jr_site_authorities,organization_id,organizations,id
jr_site_authorities_revoked_by_fkey,jr_site_authorities,revoked_by,users,id
jr_site_authorities_verified_by_fkey,jr_site_authorities,verified_by,users,id
ralph_tasks_prd_id_fkey,ralph_tasks,prd_id,ralph_prds,id
receipt_match_history_receipt_match_id_fkey,receipt_match_history,receipt_match_id,receipt_matches,id
relationship_health_ghl_contact_id_fkey,relationship_health,ghl_contact_id,ghl_contacts,ghl_id
receipt_pipeline_status_dext_forwarded_email_id_fkey,receipt_pipeline_status,dext_forwarded_email_id,dext_forwarded_emails,id
receipt_pipeline_status_xero_transaction_id_fkey,receipt_pipeline_status,xero_transaction_id,xero_transactions,xero_transaction_id
resource_allocations_team_member_id_fkey,resource_allocations,team_member_id,team_members,id
event_registrations_event_id_fkey,event_registrations,event_id,events,id
revenue_stream_projections_scenario_id_fkey,revenue_stream_projections,scenario_id,revenue_scenarios,id
revenue_stream_projections_stream_id_fkey,revenue_stream_projections,stream_id,revenue_streams,id
campaign_nominations_project_id_fkey,campaign_nominations,project_id,art_innovation,id
tour_reactions_event_id_fkey,tour_reactions,event_id,events,id
tour_reactions_project_id_fkey,tour_reactions,project_id,art_innovation,id
review_media_links_media_id_fkey,review_media_links,media_id,media_items,id
review_projects_hero_image_id_fkey,review_projects,hero_image_id,media_items,id
tour_stories_project_id_fkey,tour_stories,project_id,art_innovation,id
project_backers_project_id_fkey,project_backers,project_id,art_innovation,id
scraped_services_organization_id_fkey,scraped_services,organization_id,organizations,id
saved_foundations_foundation_id_fkey,saved_foundations,foundation_id,foundations,id
saved_foundations_org_profile_id_fkey,saved_foundations,org_profile_id,org_profiles,id
saved_foundations_user_id_fkey,saved_foundations,user_id,users,id
saved_grants_grant_id_fkey,saved_grants,grant_id,grant_opportunities,id
saved_grants_org_profile_id_fkey,saved_grants,org_profile_id,org_profiles,id
saved_grants_source_alert_preference_id_fkey,saved_grants,source_alert_preference_id,alert_preferences,id
saved_grants_source_notification_id_fkey,saved_grants,source_notification_id,grant_notification_outbox,id
saved_grants_user_id_fkey,saved_grants,user_id,users,id
contact_submissions_organization_id_fkey,contact_submissions,organization_id,organizations,id
community_reflections_device_session_id_fkey,community_reflections,device_session_id,device_sessions,id
signal_content_signal_event_id_fkey,signal_content,signal_event_id,signal_events,id
services_alma_intervention_id_fkey,services,alma_intervention_id,alma_interventions,id
services_organization_id_fkey,services,organization_id,organizations,id
services_parent_service_id_fkey,services,parent_service_id,services,id
services_profiles_public_profile_id_fkey,services_profiles,public_profile_id,public_profiles,id
services_profiles_service_id_fkey,services_profiles,service_id,services,id
ndis_compliance_actions_gs_entity_id_fkey,ndis_compliance_actions,gs_entity_id,gs_entities,id
goods_capital_blocks_org_profile_id_fkey,goods_capital_blocks,org_profile_id,org_profiles,id
goods_funding_matters_counterparty_entity_id_fkey,goods_funding_matters,counterparty_entity_id,gs_entities,id
goods_funding_matters_org_profile_id_fkey,goods_funding_matters,org_profile_id,org_profiles,id
goods_funding_matters_source_opportunity_id_fkey,goods_funding_matters,source_opportunity_id,act_opportunity_observatory,id
alma_maturation_log_intervention_id_fkey,alma_maturation_log,intervention_id,alma_interventions,id
goods_funding_routes_matter_id_fkey,goods_funding_routes,matter_id,goods_funding_matters,id
ndis_registered_providers_gs_entity_id_fkey,ndis_registered_providers,gs_entity_id,gs_entities,id
foundation_relationship_signals_foundation_grantee_id_fkey,foundation_relationship_signals,foundation_grantee_id,foundation_grantees,id
foundation_relationship_signals_foundation_id_fkey,foundation_relationship_signals,foundation_id,foundations,id
foundation_relationship_signals_foundation_person_id_fkey,foundation_relationship_signals,foundation_person_id,foundation_people,id
foundation_relationship_signals_related_entity_id_fkey,foundation_relationship_signals,related_entity_id,gs_entities,id
foundation_power_profiles_foundation_id_fkey,foundation_power_profiles,foundation_id,foundations,id
site_health_checks_site_id_fkey,site_health_checks,site_id,ecosystem_sites,id
foundation_program_years_foundation_id_fkey,foundation_program_years,foundation_id,foundations,id
foundation_program_years_foundation_program_id_fkey,foundation_program_years,foundation_program_id,foundation_programs,id
research_grants_gs_entity_id_fkey,research_grants,gs_entity_id,gs_entities,id
opportunity_decisions_org_profile_id_fkey,opportunity_decisions,org_profile_id,org_profiles,id
opportunity_decisions_supersedes_id_fkey,opportunity_decisions,supersedes_id,opportunity_decisions,id
opportunity_decisions_user_id_fkey,opportunity_decisions,user_id,users,id
stories_organization_id_fkey,stories,organization_id,organizations,id
stories_public_profile_id_fkey,stories,public_profile_id,public_profiles,id
sprint_suggestions_promoted_to_fkey,sprint_suggestions,promoted_to,sprint_items,id
goods_route_allocations_capital_block_id_fkey,goods_route_allocations,capital_block_id,goods_capital_blocks,id
goods_route_allocations_route_id_fkey,goods_route_allocations,route_id,goods_funding_routes,id
person_entity_links_entity_id_fkey,person_entity_links,entity_id,gs_entities,id
person_entity_links_person_id_fkey,person_entity_links,person_id,person_identity_map,person_id
story_analysis_reviewed_by_fkey1,story_analysis,reviewed_by,users,id
story_analysis_storyteller_id_fkey1,story_analysis,storyteller_id,storytellers,id
story_analysis_transcript_id_fkey,story_analysis,transcript_id,transcripts,id
grant_application_requirements_application_id_fkey,grant_application_requirements,application_id,grant_applications,id
grant_application_requirements_asset_id_fkey,grant_application_requirements,asset_id,grant_assets,id
foundation_categories_parent_slug_fkey,foundation_categories,parent_slug,foundation_categories,category_slug
gs_entity_aliases_entity_id_fkey,gs_entity_aliases,entity_id,gs_entities,id
foundation_geo_focus_foundation_id_fkey,foundation_geo_focus,foundation_id,foundations,id
jr_evaluations_alma_organization_id_fkey,jr_evaluations,alma_organization_id,organizations,id
story_related_programs_program_id_fkey,story_related_programs,program_id,registered_services,id
story_related_programs_story_id_fkey,story_related_programs,story_id,stories,id
civicscope_act_entity_bridge_gs_entity_id_fkey,civicscope_act_entity_bridge,gs_entity_id,gs_entities,id
foundation_grantees_foundation_id_fkey,foundation_grantees,foundation_id,foundations,id
foundation_grantees_grantee_entity_id_fkey,foundation_grantees,grantee_entity_id,gs_entities,id
data_agent_findings_gap_question_id_fkey,data_agent_findings,gap_question_id,data_gap_questions,id
storyteller_media_storyteller_id_fkey,storyteller_media,storyteller_id,storytellers,id
storyteller_videos_storyteller_id_fkey,storyteller_videos,storyteller_id,storytellers,id
storytellers_location_id_fkey,storytellers,location_id,locations,id
storytellers_organization_id_fkey,storytellers,organization_id,organizations,id
state_tenders_alma_organization_id_fkey,state_tenders,alma_organization_id,organizations,id
jm_answer_feedback_answer_id_fkey,jm_answer_feedback,answer_id,jm_answers,id
jm_eval_cases_feedback_id_fkey,jm_eval_cases,feedback_id,jm_answer_feedback,id
subscription_discovery_events_subscription_id_fkey,subscription_discovery_events,subscription_id,subscriptions,id
subscription_history_subscription_id_fkey,subscription_history,subscription_id,subscriptions,id
jr_site_metrics_evaluation_id_fkey,jr_site_metrics,evaluation_id,jr_evaluations,id
jr_site_metrics_jr_site_id_fkey,jr_site_metrics,jr_site_id,jr_sites,id
act_opportunity_observatory_promoted_opportunity_id_fkey,act_opportunity_observatory,promoted_opportunity_id,alma_funding_opportunities,id
act_opportunity_observatory_reviewed_by_fkey,act_opportunity_observatory,reviewed_by,users,id
act_opportunity_benchmark_cases_opportunity_id_fkey,act_opportunity_benchmark_cases,opportunity_id,alma_funding_opportunities,id
act_opportunity_benchmark_cases_reviewed_by_fkey,act_opportunity_benchmark_cases,reviewed_by,users,id
act_research_experiments_initiative_id_fkey,act_research_experiments,initiative_id,act_research_initiatives,id
justice_matrix_case_campaigns_campaign_id_fkey,justice_matrix_case_campaigns,campaign_id,justice_matrix_campaigns,id
justice_matrix_case_campaigns_case_id_fkey,justice_matrix_case_campaigns,case_id,justice_matrix_cases,id
transcripts_storyteller_id_fkey,transcripts,storyteller_id,storytellers,id
story_analysis_reviewed_by_fkey,transcript_analysis,reviewed_by,profiles,id
story_analysis_storyteller_id_fkey,transcript_analysis,storyteller_id,storytellers,id
story_analysis_transcript_id_fkey,transcript_analysis,transcript_id,transcripts,id
assertions_asserter_user_id_fkey,assertions,asserter_user_id,users,id
assertions_disagrees_with_fkey,assertions,disagrees_with,assertions,id
assertions_superseded_by_fkey,assertions,superseded_by,assertions,id
org_project_foundations_applicant_entity_id_fkey,org_project_foundations,applicant_entity_id,org_applicant_entities,id
org_project_foundations_foundation_id_fkey,org_project_foundations,foundation_id,foundations,id
org_project_foundations_org_profile_id_fkey,org_project_foundations,org_profile_id,org_profiles,id
org_project_foundations_org_project_id_fkey,org_project_foundations,org_project_id,org_projects,id
grantconnect_awards_gs_entity_id_fkey,grantconnect_awards,gs_entity_id,gs_entities,id
user_identities_ghl_contact_id_fkey,user_identities,ghl_contact_id,ghl_contacts,ghl_id
opportunity_promotions_decision_id_fkey,opportunity_promotions,decision_id,opportunity_decisions,id
vendor_project_rules_project_code_fkey,vendor_project_rules,project_code,projects,code
wiki_articles_parent_id_fkey,wiki_articles,parent_id,wiki_articles,id
pending_subscriptions_resolved_subscription_id_fkey,pending_subscriptions,resolved_subscription_id,subscriptions,id
voice_notes_recorded_by_fkey,voice_notes,recorded_by,user_identities,id
voice_notes_related_communication_id_fkey,voice_notes,related_communication_id,communications_history,id
voice_notes_related_contact_id_fkey,voice_notes,related_contact_id,ghl_contacts,ghl_id
voice_notes_reply_to_voice_note_id_fkey,voice_notes,reply_to_voice_note_id,voice_notes,id
vendor_contact_log_subscription_id_fkey,vendor_contact_log,subscription_id,discovered_subscriptions,id
wiki_page_versions_changed_by_fkey,wiki_page_versions,changed_by,users,id
wiki_page_versions_page_id_fkey,wiki_page_versions,page_id,wiki_pages,id
