Dongara Community Resource Centre Inc.	18500	2026	AU-ABN-60992399356	reported
St. Bartholomew's House Inc	4500000	2026	AU-ABN-92491228162	inferred
St Patrick's Community Support Centre Limited	2220291	2026	AU-ABN-74116106275	reported
WA Parks Foundation	50069	2026	AU-ABN-96615298952	reported
Otitis Media Group Inc	418759	2026	AU-ABN-55194791400	inferred
Lions Club of Margaret River Incorporated	7900	2026	AU-ABN-29273772471	inferred
Indigenous Art Code Limited	71516	2026	AU-ABN-67139788711	reported
Kadadjiny Aboriginal Corporation	140721	2026	AU-ABN-73933576507	reported
Bidyadanga Aboriginal Community La Grange Incorporated	60363	2026	AU-ABN-91283538282	inferred
Gorenang Moortabiin Aboriginal Engagement and Community Development (Aboriginal Corporation)	24550	2026	AU-ABN-65109482389	reported
Brabham Gujarati Community Club (BGCC) Inc.	6000	2026	AU-ABN-99428234957	inferred
Foundation for Indigenous Sustainable Health Limited	269750	2026	AU-ABN-89141884684	reported
Kingz Multicultural Club Inc.	7000	2026	AU-ABN-32499430482	inferred
WestAus Crisis and Welfare Services Inc	55000	2026	AU-ABN-18265147892	reported
Chapman Valley Agricultural Society Incorporated	12000	2026	AU-ABN-65602401982	inferred
Lions Club of Serpentine-Jarrahdale	15000	2026	AU-ABN-75690424922	inferred
Possum Valley Animal Sanctuary Inc	39125	2026	AU-ABN-51455206392	inferred
Cuby GrooveFest Inc.	14475	2026	AU-ABN-58185468453	inferred
Uniting Church in Australia Property Trust (WA) - Uniting Outreach Mandurah	90000	2026	AU-ABN-93351192498	inferred
Brunswick Agricultural Society Incorporated	20000	2026	AU-ABN-51207857048	reported
Mundaring Arts Centre Inc	25000	2026	AU-ABN-24780601011	reported
Rural Regional Remote Women's Network of Western Australia Inc	59000	2026	AU-ABN-42246101482	inferred
West Australian Men's Gathering Inc.	5000	2026	AU-ABN-48133122007	inferred
Day in the Forrest Inc.	8000	2026	AU-ABN-37755353115	inferred
Palliative Care W.A. Incorporated	30950	2026	AU-ABN-13107780017	inferred
Advocare Incorporated	70000	2026	AU-ABN-64497727390	reported
Meerilinga Children and Community Foundation Incorporated	75000	2026	AU-ABN-60366468001	reported
City of Greater Geraldton	80000	2026	AU-ABN-55907677173	reported
Tongan WA Incorporated	10000	2026	AU-ABN-34592378801	reported
Nintirri Centre (Incorporated)	64196	2026	AU-ABN-59634306630	inferred
Australian Arab Association Incorporated	75000	2026	AU-ABN-47039302840	reported
Dardanup Bull and Barrel Festival Incorporated	14800	2026	AU-ABN-47498304098	inferred
Non-Resident Nepali Association Australia Limited	15000	2026	AU-ABN-26633352226	inferred
Geraldton Greenough Sunshine Festival (Inc.)	15000	2026	AU-ABN-54637085749	inferred
Seniors' Recreation Council of WA (Inc)	41500	2026	AU-ABN-56858017854	inferred
Dandelions WA Inc.	27426	2026	AU-ABN-62464700830	inferred
North Yunderup Community Association Inc	6021	2026	AU-ABN-11782218748	inferred
Geographe French Australian Festivals Incorporated	65000	2026	AU-ABN-17752810241	reported
Kimberley Aboriginal Women's Council Aboriginal Corporation	100000	2026	AU-ABN-36409879880	reported
Murdoch University	733656	2026	AU-ABN-61616369313	reported
Sister Kates Home Kids Aboriginal Corporation	39690	2026	AU-ABN-69226592979	reported
Ruah Community Services Limited	256379	2026	AU-ABN-98065827787	reported
Track Care WA Inc	15000	2026	AU-ABN-21650188750	reported
Creative Bytes Inc.	45126	2026	AU-ABN-75471480809	reported
Broome Lotteries House Incorporated	101978	2026	AU-ABN-72734458797	inferred
Yamatji Marlpa Aboriginal Corporation	1458300	2026	AU-ABN-14011921883	reported
Befriend Inc	292905	2026	AU-ABN-36314845868	inferred
Paint the Town REaD Ltd	8500	2026	AU-ABN-96164664724	reported
Dumbleyung Community Resource Centre Inc	12942	2026	AU-ABN-35488032451	inferred
Word Play Festival Inc.	19350	2026	AU-ABN-52931195542	inferred
Coastal Community Garden Inc.	3335	2026	AU-ABN-85650286734	inferred
Western Australian AIDS Council (Inc.)	12000	2026	AU-ABN-66376801057	inferred
Artrage Inc	7500000	2026	AU-ABN-90649491963	reported
Blackwood Youth Action Inc.	370047	2026	AU-ABN-35436061290	inferred
Anglicare WA Inc	1300000	2026	AU-ABN-32797454970	inferred
Rainbow Futures WA Limited	100000	2026	AU-ABN-95677626407	reported
Shelter WA Inc	172317	2026	AU-ABN-43436576540	reported
Mandurah Plein Air Artists Incorporated	10000	2026	AU-ABN-50305364098	reported
Royal Agricultural Society of Western Australia	950000	2026	AU-ABN-91661481302	inferred
Arthritis Foundation of W.A. Incorporated	57950	2026	AU-ABN-43390598024	inferred
Australia's South West Incorporated	10000	2026	AU-ABN-34609814029	reported
UnitingCare West	1105000	2026	AU-ABN-75467729203	reported
Koya Aboriginal Corporation	500000	2026	AU-ABN-85995115307	reported
West Australian Stolen Generations Aboriginal Corporation	200000	2026	AU-ABN-92791516730	reported
Denmark Community Resource Centre Inc	23737	2026	AU-ABN-37464298309	reported
Marra Worra Worra Aboriginal Corporation	266265	2026	AU-ABN-97272775547	reported
Future Living Trust Incorporated	40468	2026	AU-ABN-62492609487	reported
Redgum Justice Incorporated	204477	2026	AU-ABN-78154699030	reported
West Australian Music Industry Association Limited	102665	2026	AU-ABN-19395503276	reported
Trustee for Channel Seven Telethon Trust	250000	2026	AU-ABN-65069482829	inferred
Superfins WA Incorporated	28800	2026	AU-ABN-37348710488	reported
Aboriginal Legal Service of Western Australia Limited	313000	2026	AU-ABN-61532930441	reported
Perth International Jazz Festival Inc.	65000	2026	AU-ABN-75894817520	inferred
St Patrick's Community Support Centre Limited	360000	2026	AU-ABN-74116106275	reported
Malayali Association of Perth Incorporated	17500	2026	AU-ABN-24301705601	reported
Cystic Fibrosis Western Australia (Inc)	8943	2026	AU-ABN-19156339182	reported
Multicultural Services Centre of Western Australia Incorporated	345000	2026	AU-ABN-18563729871	reported
Gascoyne Food Council Inc.	80000	2026	AU-ABN-98474412832	inferred
Perenjori Agricultural Society Incorporated	10000	2026	AU-ABN-31163849680	inferred
Share & Care Community Services Group Incorporated	396000	2026	AU-ABN-37835103986	reported
Northampton District Agricultural Society Incorporated	10000	2026	AU-ABN-32084539550	inferred
Yamatji Southern Regional Corporation Limited	55000	2026	AU-ABN-93638346684	reported
Fishing Fleet Festival Association	15000	2026	AU-ABN-63371328019	reported
Mission Australia	286903	2026	AU-ABN-15000002522	reported
Western Australian Council of Social Service Incorporated	236000	2026	AU-ABN-32201266289	inferred
Filipino - Australian Club of Perth Inc	15000	2026	AU-ABN-97371756381	reported
Zonta House Refuge Association Inc.	200000	2026	AU-ABN-86136100855	reported
Western Australian Council of Social Service Incorporated	500000	2026	AU-ABN-32201266289	inferred
Australian Red Cross Society - Western Australian Division	500000	2026	AU-ABN-50169561394	inferred
Jarlmadangah Burru Aboriginal Corporation	500000	2026	AU-ABN-37218811410	reported
Sailing On WA Inc	10000	2026	AU-ABN-62748558687	reported
City of Albany	3190000	2026	AU-ABN-94717875167	reported
City of Kwinana	1000000	2026	AU-ABN-13890277321	reported
City of Greater Geraldton	1707300	2026	AU-ABN-55907677173	reported
ArtsNational Margaret River Inc.	4100	2026	AU-ABN-22162598184	inferred
Bibbul Ngarma Aboriginal Association Incorporated	550000	2026	AU-ABN-20192896846	reported
Kalyuku Ninti - Puntuku Ngurra Limited	476756	2026	AU-ABN-73136673893	reported
City of Swan	35000	2026	AU-ABN-21086180442	reported
Tender Funerals Australia Ltd	360000	2026	AU-ABN-42634681146	reported
Geraldton Streetwork Aboriginal Corporation	166168	2026	AU-ABN-64210378302	reported
Perth Comic Arts Festival Organising Committee Incorporated	15000	2026	AU-ABN-73626876325	inferred
Foodcore Nutrition Services Incorporated	12577	2026	AU-ABN-39927163309	reported
Shinju Matsuri Inc	90000	2026	AU-ABN-56178581257	reported
Goldfields Aboriginal Business Chamber Incorporated	40000	2026	AU-ABN-24379870650	reported
Kununurra Agricultural Society (Incorporated)	31285	2026	AU-ABN-27043537025	inferred
55 Central Inc	989944	2026	AU-ABN-85559383615	reported
Uniting Church in Australia Property Trust (WA) - Uniting Aid	140000	2026	AU-ABN-93351192498	inferred
zero2hero Inc	67000	2026	AU-ABN-29964779934	reported
Yamatji Marlpa Aboriginal Corporation	109013	2026	AU-ABN-14011921883	reported
Mowanjum Artists Spirit of the Wandjina Aboriginal Corporation	40000	2026	AU-ABN-97972362126	reported
Western Australian Council of State School Organisations	60000	2026	AU-ABN-46108238074	inferred
Mullewa District Agricultural Society	10800	2026	AU-ABN-97886295031	reported
Outdoors WA (Inc.)	12500	2026	AU-ABN-26623938816	reported
Youth Involvement Council Incorporated	15000	2026	AU-ABN-17342353411	inferred
Ability Centre Australasia Ltd	382000	2026	AU-ABN-79057702959	reported
Indian Ocean Craft Triennial Inc	288620	2026	AU-ABN-90705472375	inferred
Western Australian Council of Social Service Incorporated	258117	2026	AU-ABN-32201266289	inferred
City of Bayswater	25275	2026	AU-ABN-61054006131	reported
Waroona Community Resource Centre Inc	25000	2026	AU-ABN-26560430955	reported
NAIDOC Perth Aboriginal Corporation	110000	2026	AU-ABN-78371978171	reported
Reconciliation Western Australia Inc	305700	2026	AU-ABN-75316177473	reported
Yura Yungi Medical Service Aboriginal Corporation	57000	2026	AU-ABN-77043932146	reported
Community Vision Australia Limited	166325	2026	AU-ABN-75390895907	reported
PortCare Incorporated	18000	2026	AU-ABN-58197784994	reported
Theatre 180 Inc	170000	2026	AU-ABN-33042434145	reported
Bridgetown Hub Incorporated	147000	2026	AU-ABN-77976927790	reported
Mulan Aboriginal Corporation	294482	2026	AU-ABN-28163735214	reported
Graylands Hospital Volunteer Service Inc	10000	2026	AU-ABN-64552025167	reported
Bus Preservation Society of Western Australia (Inc.)	462397	2026	AU-ABN-19924454978	inferred
Geraldton Family History Society Inc.	8646	2026	AU-ABN-80658623054	inferred
Hedland Well Women's Centre Incorporated	1050000	2026	AU-ABN-31368310372	inferred
Multicultural Futures Inc.	38000	2026	AU-ABN-64937149657	reported
Pilbara Kimberley University Centres Inc.	49723	2026	AU-ABN-59385799661	reported
Drakesbrook Community Garden Incorporated	15000	2026	AU-ABN-95271694723	inferred
K Farmer Dutjahn Foundation Limited	25632	2026	AU-ABN-85614843677	reported
Salvation Army (WA) Property Trust	558800	2026	AU-ABN-25878329270	inferred
Revelation Perth International Film Festival Inc	19500	2026	AU-ABN-61039339914	reported
Barking Gecko Theatre Company Ltd	486000	2026	AU-ABN-23052424683	inferred
Western Australian Council of Social Service Incorporated	304893	2026	AU-ABN-32201266289	inferred
Neuromuscular WA Incorporated	21172	2026	AU-ABN-49158959834	inferred
Leschenault Catchment Council (LCC) Incorporated	136518	2026	AU-ABN-55847961699	inferred
Carers Association of Western Australia Incorporated	63000	2026	AU-ABN-38219836631	reported
Mundaring Arts Centre Inc	31216	2026	AU-ABN-24780601011	reported
Nannup Garden Village Inc	25000	2026	AU-ABN-78878640645	reported
Chapman Valley Country Music Festival Inc.	15000	2026	AU-ABN-84230268492	reported
Karingal Neighbourhood Centre Incorporated	26433	2026	AU-ABN-77841881997	inferred
Western Australian Council of Social Service Incorporated	250000	2026	AU-ABN-32201266289	inferred
Australian Red Cross Society - Western Australian Division	1500000	2026	AU-ABN-50169561394	inferred
Home Away from Home Inc	1582950	2026	AU-ABN-17197600778	inferred
Armadale Lotteries House Management Committee Incorporated	156855	2026	AU-ABN-59269394232	reported
Yawarda Services Ltd	446000	2026	AU-ABN-93673991118	reported
Northam Church of Christ Incorporated	25000	2026	AU-ABN-59727210714	reported
Breast Cancer Care WA Limited	155000	2026	AU-ABN-77221238430	reported
Canning Arts Group Inc.	28800	2026	AU-ABN-66170685076	inferred
Institute for Respiratory Health Inc	95110	2026	AU-ABN-78098197636	inferred
Brightwater Care Group Limited	982000	2026	AU-ABN-23445460050	reported
Aboriginal Art Centre Hub of Western Australia Aboriginal Corporation	537795	2026	AU-ABN-79665943106	reported
Western Australian Family Violence Prevention Legal Service Aboriginal Corporation	182371	2026	AU-ABN-96811845328	reported
Redgum Justice Incorporated	80000	2026	AU-ABN-78154699030	reported
Reconciliation Western Australia Inc	194168	2026	AU-ABN-75316177473	reported
Undercroft Bridge Club	11825	2026	AU-ABN-20372652284	inferred
Martuwarra Fitzroy River Council Incorporated	264000	2026	AU-ABN-94806492396	inferred
Australian Research Alliance for Children and Youth Limited	95155	2026	AU-ABN-68100902921	reported
Armadale Gosnells Landcare Group (Inc)	15000	2026	AU-ABN-32839660128	inferred
Blackwood D&D Winterfest Inc.	11104	2026	AU-ABN-47488199564	inferred
National Disability Services Limited - National Disability Services	56500	2026	AU-ABN-52008445485	inferred
Surf Life Saving Western Australia Incorporated	573313	2026	AU-ABN-38926034500	inferred
St Vincent De Paul Society (WA) Incorporated	2000000	2026	AU-ABN-18332550061	reported
Patricia Giles Centre Inc	80000	2026	AU-ABN-51096676308	inferred
Western Australian Council of Social Service Incorporated	500000	2026	AU-ABN-32201266289	inferred
Australian Red Cross Society - Western Australian Division	1000000	2026	AU-ABN-50169561394	inferred
Pilbara Aboriginal Health Alliance Limited	1300000	2026	AU-ABN-16648238895	reported
Seaview Park Community Association Incorporated	10000	2026	AU-ABN-38228863433	reported
Swan River Sailing Dinghy Heritage Association Inc	15000	2026	AU-ABN-34361461781	inferred
Madalah Limited	628000	2026	AU-ABN-51136001397	reported
Karrayili Adult Education  Centre (Aboriginal Corporation)	493620	2026	AU-ABN-87744692783	inferred
Nannup Western Australia Geopark Association Incorporated	562865	2026	AU-ABN-12131636726	reported
Puntukurnu Aboriginal Medical Service Aboriginal Corporation	707180	2026	AU-ABN-49134881272	reported
Ellenbrook and Districts Men's Shed Association Inc	55944	2026	AU-ABN-64890678429	inferred
Perth City Farm Incorporated	112537	2026	AU-ABN-90364009655	reported
Edith Cowan University	1724856	2026	AU-ABN-54361485361	reported
Esperance Care Services Inc.	63000	2026	AU-ABN-51217309705	inferred
Shire of Dandaragan	8000	2026	AU-ABN-64227602040	reported
Holocaust Institute of W.A. Incorporated	298100	2026	AU-ABN-88906060879	inferred
Good Together WA Ltd	20000	2026	AU-ABN-52690607204	reported
One Achord Community Choir Inc	5340	2026	AU-ABN-84553499603	inferred
Kalamunda Chamber of Commerce Incorporated	26110	2026	AU-ABN-31934906155	inferred
Whitfords Volunteer Sea Rescue Group	82102	2026	AU-ABN-87201171108	inferred
Leading Youth Forward Incorporated	47759	2026	AU-ABN-32896810305	reported
Sensorium Theatre Incorporated	138433	2026	AU-ABN-30292419949	reported
Banjima Native Title Aboriginal Corporation RNTBC	20000	2026	AU-ABN-21562786148	reported
William Langford Community House Incorporated	90000	2026	AU-ABN-98498608650	inferred
Crossways Community Services Inc	150000	2026	AU-ABN-95150906902	inferred
South of the River Potters Club	15000	2026	AU-ABN-42626130408	inferred
McAuley Ministries Limited	68250	2026	AU-ABN-36165650171	reported
Iranians in Western Australia Inc.	10000	2026	AU-ABN-25358826352	reported
Carnarvon Heritage Group Inc	215000	2026	AU-ABN-24577565956	reported
Pemberton Arts Group Inc	6428	2026	AU-ABN-94195570730	reported
Mission Australia	960153	2026	AU-ABN-15000002522	reported
Polish Club General W.Sikorski Western Australia	144214	2026	AU-ABN-44472539356	inferred
Volunteer Centre of  Western Australia (Inc.)	425000	2026	AU-ABN-24028468144	inferred
Northam Army Camp Heritage Association (Inc.)	16022	2026	AU-ABN-32042372294	inferred
Black Swan State Theatre Company Ltd	48000	2026	AU-ABN-28053092961	reported
Katanning Community Hub Inc.	50778	2026	AU-ABN-20714124800	inferred
Yued Aboriginal Corporation	255000	2026	AU-ABN-77142633481	reported
Disruptive Force Ltd	105180	2026	AU-ABN-74685316447	reported
Community Arts Network Western Australia Ltd	370000	2026	AU-ABN-72106364407	reported
Town Team Movement Ltd	549605	2026	AU-ABN-80623191882	reported
Arts Margaret River Incorporated	59000	2026	AU-ABN-61874730774	reported
One Purpose Music Inc.	13687	2026	AU-ABN-70931157768	reported
Yaandina Community Services Limited	34500	2026	AU-ABN-40284552805	reported
Metropolitan Symphony Orchestra Incorporated	8000	2026	AU-ABN-41993656639	reported
Kadadjiny Aboriginal Corporation	45094	2026	AU-ABN-73933576507	reported
University of the Third Age, the University of Western Australia Incorporated	10650	2026	AU-ABN-32374014088	inferred
Volunteer Centre of  Western Australia (Inc.)	372633	2026	AU-ABN-24028468144	inferred
Western Australian Council of Social Service Incorporated	80777	2026	AU-ABN-32201266289	inferred
Organisation of African Communities in Western Australia Inc	30000	2026	AU-ABN-29845428718	inferred
Western Sports Media Inc	27600	2026	AU-ABN-90886157326	reported
Perth Institute of Contemporary Arts Ltd	328477	2026	AU-ABN-49009372927	inferred
Returned & Services League of Australia WA Branch Incorporated	1873915	2026	AU-ABN-59263172184	inferred
Ozzy Samba School Inc	30000	2026	AU-ABN-84317751722	inferred
Yarliyil Art Centre Aboriginal Corporation	97071	2026	AU-ABN-90587965265	reported
Denmark Machinery Restoration Group Inc	4000	2026	AU-ABN-16485179577	inferred
Living Stone Foundation Inc	361818	2026	AU-ABN-43517756699	reported
Encounter Theatre Inc.	67771	2026	AU-ABN-26617041968	inferred
Big Hart Inc.	286662	2026	AU-ABN-56398434433	inferred
Thriive WA Inc.	38000	2026	AU-ABN-46332941157	inferred
Kingz Multicultural Club Inc.	7000	2026	AU-ABN-32499430482	inferred
Broome Community Information Resource Centre and Learning Exchange	428937	2026	AU-ABN-44433608931	inferred
Ravensthorpe Regional Arts Council	432228	2026	AU-ABN-60557238342	reported
Perth Inner City Youth Service Ltd.	35000	2026	AU-ABN-32619050277	reported
Shire of Carnarvon	497000	2026	AU-ABN-89534312469	reported
Warburton Community Inc	423232	2026	AU-ABN-26977854671	reported
Celebrate Western Australia (Inc)	1500000	2026	AU-ABN-17998993055	reported
Perth Inner City Youth Service Ltd.	60000	2026	AU-ABN-32619050277	reported
Performing Arts Centre Society (Incorporated.)	495000	2026	AU-ABN-26252073745	inferred
Bunbury Regional Theatre Incorporated	232138	2026	AU-ABN-82571821832	inferred
DesignFreo Inc.	9501	2026	AU-ABN-39469692422	reported
City of Greater Geraldton	418935	2026	AU-ABN-55907677173	reported
Macedonian Community of W.A. (Inc.)	90000	2026	AU-ABN-16547028369	inferred
Gascoyne In May Inc	256400	2026	AU-ABN-67986535323	reported
Mundaring Arts Centre Inc	69000	2026	AU-ABN-24780601011	reported
Artists' Foundation of Western Australia Limited	35000	2026	AU-ABN-83009181024	inferred
West Australian Music Industry Association Limited	200000	2026	AU-ABN-19395503276	reported
Esperance Wildlife Rescue & Rehabilitation Inc.	15000	2025	AU-ABN-54984047911	inferred
Playgroup WA (Inc)	873350	2025	AU-ABN-14415755273	reported
Augusta Volunteer Marine Rescue Group Inc.	394000	2025	AU-ABN-24047272974	reported
Spectrum Space Inc	55563	2025	AU-ABN-38262080944	inferred
Ngala Family Services	1234780	2025	AU-ABN-12129500125	reported
Gnowangerup Family Support Association (Inc.)	95431	2025	AU-ABN-22314073028	inferred
Removing Barriers Inc.	15000	2025	AU-ABN-40802423416	reported
ACE Camera Club Inc	12845	2025	AU-ABN-55726875534	reported
Murujuga Aboriginal Corporation	2217573	2025	AU-ABN-51627395274	reported
Bunbury Dolphin Discovery Incorporated	179743	2025	AU-ABN-64473551336	inferred
City of Bayswater	534314	2025	AU-ABN-61054006131	reported
South Lake Ottey Family & Neighbourhood Centre Incorporated	90000	2025	AU-ABN-76044823633	inferred
Centre for Asylum Seekers, Refugees and Detainees Inc	280000	2025	AU-ABN-97481185842	reported
Maritime Archaeological Association of Western Australia (Inc.)	9150	2025	AU-ABN-68827624122	reported
Margaret River Community Centre Inc	20000	2025	AU-ABN-48183692726	reported
Foodbank of Western Australia Incorporated	1497088	2025	AU-ABN-49363114556	inferred
Pivot Support Services Incorporated	100000	2025	AU-ABN-73266272565	inferred
Crosslinks Incorporated	3839939	2025	AU-ABN-51543927884	reported
Spacecubed Foundation Ltd	362640	2025	AU-ABN-58149449972	reported
Ngaanyatjarra Health Service (Aboriginal Corporation)	152462	2025	AU-ABN-69635513283	reported
Sorrento Surf Life Saving Club	2000000	2025	AU-ABN-70623378747	inferred
Wilson Inlet Catchment Committee Incorporated	140812	2025	AU-ABN-26744615743	inferred
Aboriginal Health Council of Western Australia	425000	2025	AU-ABN-48114220478	reported
Artzability Incorporated	4800	2025	AU-ABN-95599731698	reported
REmida Perth Inc	93968	2025	AU-ABN-35646563750	reported
WA Women's Hall of Fame Inc.	40948	2025	AU-ABN-54514454110	reported
Exmouth Cultural Arts Centre Inc	13970	2025	AU-ABN-44216120739	inferred
Kids First Australia Ltd	60000	2025	AU-ABN-52303567862	reported
Women's Legal Service WA Inc	67957	2025	AU-ABN-44551144230	inferred
South West Counselling Inc	11500	2025	AU-ABN-11899521734	inferred
STRUT Dance Incorporated	52398	2025	AU-ABN-22021834488	reported
Swan View Community Association Inc.	15000	2025	AU-ABN-50329329040	inferred
Centre for Asylum Seekers, Refugees and Detainees Inc	675000	2025	AU-ABN-97481185842	reported
Nannup Family Collective Inc.	15000	2025	AU-ABN-19914266188	inferred
Shire of Plantagenet	860021	2025	AU-ABN-29084782574	reported
Ellenbrook Community Collective Incorporated	50000	2025	AU-ABN-15151507055	reported
Canning Community Computer Club Inc.	6914	2025	AU-ABN-66460799072	reported
Parkerville Children and Youth Care Incorporated	3000000	2025	AU-ABN-86437092401	inferred
Men's Sheds of WA Inc.	613600	2025	AU-ABN-67979314821	inferred
Multicultural Services Centre of Western Australia Incorporated	382800	2025	AU-ABN-18563729871	reported
Community Services, Health and Education Training Council Inc	184300	2025	AU-ABN-66618876140	inferred
Mirima Council Aboriginal Corporation	1124000	2025	AU-ABN-25858328285	reported
Ruah Community Services Limited	882352	2025	AU-ABN-98065827787	reported
Performing Arts Centre Society (Incorporated.)	86975	2025	AU-ABN-26252073745	inferred
Regional Development Australia Great Southern Western Australia Incorporated	20932	2025	AU-ABN-76274049432	reported
FORM Building a State of Creativity Limited	201668	2025	AU-ABN-77967703375	reported
Starick Services Inc.	60000	2025	AU-ABN-56721993085	inferred
Southern Forest Arts (Inc.)	120000	2025	AU-ABN-89018628188	reported
Spiers Centre Inc	315575	2025	AU-ABN-60848523312	inferred
Volunteer Marine Rescue Service Port Hedland Inc	900000	2025	AU-ABN-93685405271	inferred
Bunbury Rock ‘N’ Roll Club Incorporated	10577	2025	AU-ABN-22945656807	inferred
Perth International Arts Festival Ltd	9600000	2025	AU-ABN-85631934677	reported
WA Mums Cottage Inc	23000	2025	AU-ABN-74820194498	reported
Advocare Incorporated	70000	2025	AU-ABN-64497727390	reported
Screenwest (Australia) Limited	10800000	2025	AU-ABN-43620492300	inferred
Scarborough Beach Association (Inc)	25000	2025	AU-ABN-82309930547	reported
Superfins WA Incorporated	22000	2025	AU-ABN-37348710488	reported
Albany Community Legal Centre Incorporated	284782	2025	AU-ABN-12172591806	inferred
Bridge Organisation Inc	119346	2025	AU-ABN-78700925840	inferred
Newman Women's Shelter Inc.	108550	2025	AU-ABN-36250445852	inferred
City of Rockingham	300000	2025	AU-ABN-63101842180	reported
Foodbank of Western Australia Incorporated	542408	2025	AU-ABN-49363114556	inferred
Brunswick Junction Community Men's Shed Inc	133775	2025	AU-ABN-14692922067	inferred
Spear Foundation Pty Ltd	516260	2025	AU-ABN-82166499770	reported
Northern Compassion Inc.	370186	2025	AU-ABN-56167396534	reported
Mission Australia	286903	2025	AU-ABN-15000002522	reported
City of Greater Geraldton	84000	2025	AU-ABN-55907677173	reported
Wheatbelt Natural Resource Management Incorporated	43790	2025	AU-ABN-61661518664	reported
Wadderin Wildlife Sanctuary Inc	65380	2025	AU-ABN-64501393395	inferred
Alike WA Inc	58100	2025	AU-ABN-23041552831	inferred
Foster Care Association of Western Australia	44000	2025	AU-ABN-40697500790	inferred
Leeuwin Ocean Adventure Foundation Limited	49761	2025	AU-ABN-65009105677	reported
Shire of Dowerin	19865	2025	AU-ABN-35939977194	reported
Haryanvi Association of Western Australia (HAWA) Inc.	7500	2025	AU-ABN-77383117227	inferred
Te Toka Tu Moana	10472	2025	AU-ABN-62436437500	reported
Marathi Association Perth Incorporated	4000	2025	AU-ABN-54452823698	reported
Youth Futures Ltd	84773	2025	AU-ABN-11124211565	reported
Wandering Camp Out Weekend Inc	10000	2025	AU-ABN-48305810416	inferred
Newman Women's Shelter Inc.	30000	2025	AU-ABN-36250445852	inferred
Tjamu Tjamu (Aboriginal Corporation) RNTBC	150020	2025	AU-ABN-74317972477	reported
Ngaringga Ngurra Aboriginal Corporation	58000	2025	AU-ABN-11877656513	reported
Starick Services Inc.	749000	2025	AU-ABN-56721993085	inferred
Geraldton Surf Life Saving Club	187045	2025	AU-ABN-83976723238	reported
Endeavour Child Care Centre	60000	2025	AU-ABN-41748547842	inferred
Town of Port Hedland	2297000	2025	AU-ABN-19220085226	inferred
Wheatbelt Arts & Events Incorporated	71193	2025	AU-ABN-25505899542	reported
Yirra Yaakin Aboriginal Corporation	188708	2025	AU-ABN-45619201395	inferred
Thread Together Limited	1430669	2025	AU-ABN-91160701280	reported
Fremantle Press Inc.	722226	2025	AU-ABN-78910098021	reported
Financial Counsellors' Association of Western Australia Inc	45000	2025	AU-ABN-13592166805	inferred
Children's Book Council of Australia (Western Australian Branch Incorporated)	22602	2025	AU-ABN-22545077268	inferred
Spare Parts Puppet Theatre (Inc)	2138755	2025	AU-ABN-97548782664	inferred
Western Australian AIDS Council (Inc.)	84690	2025	AU-ABN-66376801057	inferred
Multicultural Services Centre of Western Australia Incorporated	345000	2025	AU-ABN-18563729871	reported
FORM Building a State of Creativity Limited	5821577	2025	AU-ABN-77967703375	reported
CircusWA Inc.	609334	2025	AU-ABN-45346323735	reported
Spacecubed Foundation Ltd	3647360	2025	AU-ABN-58149449972	reported
Indigo Junction Incorporated	330500	2025	AU-ABN-32879844973	reported
Australian Breastfeeding Association - WA Branch	24525	2025	AU-ABN-64005081523	inferred
Western Australian Cricket Association Limited	650000	2025	AU-ABN-44026744769	reported
Bringing Them Home WA Incorporated	150000	2025	AU-ABN-27884973865	reported
