grant_id,abn,entity_id,recipient_name
0c8bef0f-9543-4c46-8fd4-d0ec3c4b5e91,15347659323,167268c8-fcf2-4b2f-ba79-7456ba555646,"Whitelion Incorporated"
192a2485-4d18-4b30-83c9-49d2bd1132c8,80916973358,582a3292-db5e-49eb-b9a9-3c6f25632919,"Uniting"
3b61e393-15d9-488b-ad20-9561a6a4ff92,41687119230,d6c05a4f-a220-430f-ba3e-7518d6c11471,"Commonwealth Scientific and Industrial Research Organisation"
41e07f7a-cd07-4424-adf6-d585db95b117,49056993913,391594b3-66f7-43d8-91bb-b994b670dc11,"AMES Australia"
629c7ed6-9d29-4652-9bf5-f669005ec013,39255319010,e26e323f-c48f-4edd-8818-1dccb1b8eb94,"Country Fire Authority"
6d4f43d6-6642-460d-83cf-b7a44f2c7a0f,49056993913,391594b3-66f7-43d8-91bb-b994b670dc11,"AMES Australia"
73b50a1e-1f06-42ba-9127-1214ae7c7e6d,80916973358,582a3292-db5e-49eb-b9a9-3c6f25632919,"Uniting"
7e68fcc0-e02b-43c1-b4e0-62b0a72e556a,84613288403,ef577ff7-fdf0-4317-96c0-e47fc99db579,"Future Women Pty Ltd"
9f0593b9-785f-4f94-be00-5b26b128db13,23260783241,981b216b-eaff-4191-aebd-40a6d904e35c,"RMIT University"
a2eb9332-44ac-40bf-b9c0-66f6b9addbe0,23260783241,981b216b-eaff-4191-aebd-40a6d904e35c,"RMIT University"
b893abe3-aeb8-44f1-b2e3-2a8cd92ddb87,68037026364,63f915ee-eab9-4aa7-af12-13ac3cf3beed,"Flat Out"
bb025fa1-02f9-4ee9-a37e-3235780203e3,49056993913,391594b3-66f7-43d8-91bb-b994b670dc11,"AMES Australia"
bc5969ab-a390-46d6-b8bf-67452044d3c1,68005226595,5f7c1d5d-f0dd-468b-b94c-fd275615db8e,"Western Bulldogs"
be15bc1e-dfbb-474d-a88e-21553765c5c3,49007349984,e348ae0f-bb27-48db-a2e5-6059eab7f714,"Burnet Institute"
d0a94206-4cac-464e-bcda-1db4df164b43,39041514660,3286ca07-5ca7-421b-baa4-b4821b77ee41,"Gippsland Lakes Community Health"
f8d378dc-2cb1-4dbb-bea7-b9863fc34c6d,83295188244,32105000-2f1c-477a-bd36-7369a9bc1546,"Department of Jobs, Skills, Industry and Regions"
f8fee9e0-1d12-462e-8576-6455f2a4a846,49056993913,391594b3-66f7-43d8-91bb-b994b670dc11,"AMES Australia"
fc670e5a-d0a8-4d0d-bbdb-39869447c920,23260783241,981b216b-eaff-4191-aebd-40a6d904e35c,"RMIT University"