grant_id,entity_id,recipient_name,matched_name,abn,sim
00b8cd8a-bea4-4079-9d1b-cf6fe8207203,12487325-a43d-4c7f-a459-500c5e74487d,"Mentone RSL Sub-Branch","The Mentone Rsl Sub Branch Inc",79788303326,1.000
01fb369a-b6cc-4a54-ba2d-2ad9886d9241,0555b7fb-b0ef-4a08-8d94-5298c6bc1f25,"Greek Orthodox Community of Monash and Districts Inc.","THE GREEK ORTHODOX COMMUNITY OF MONASH AND DISTRICTS INC.",11454053593,1.000
03c92402-1ae8-40dc-b6eb-bcfc73d60977,91a2736a-b9fd-417c-86cc-e7088418ec31,"Young Men's Christian Association of Ballarat Youth Services Inc","The Young Men's Christian Association Of Ballarat Youth Services Inc",86541900347,1.000
05250c5f-2ad2-462b-970a-240142b32895,a6ad074e-6724-4cf4-970f-ceeceb7877a7,"The Learning and Life Centre (Huddle) Ltd","Learning and Life Centre (Huddle) Ltd",23159776020,1.000
068c2db9-ff4e-49c3-a7bd-215980988295,7d135610-a893-48a2-98ec-82a5dc74ba43,"Trustee for Lake Tyers Aboriginal Trust","Lake Tyers Aboriginal Trust",42546032791,1.000
119fe1d8-a282-4f7e-8cf2-b253515c484c,28ad2864-bfa5-41e2-88ba-ded5cb0f0fab,"Rotary Club of Pascoe Vale Inc","THE ROTARY CLUB OF PASCOE VALE INC",62261209756,1.000
1c162958-cdea-4a6f-9989-ed6805923873,90a5ea57-5b3a-47ad-898b-79f6bd554df3,"The Weary Dunlop Foundation","Weary Dunlop Foundation",92536010060,1.000
1d1cb5ee-cbc5-4cce-a48c-a0210da66a27,7d135610-a893-48a2-98ec-82a5dc74ba43,"The Trustee for the Lake Tyers Aboriginal Trust","Lake Tyers Aboriginal Trust",42546032791,1.000
1d437988-61fe-4b93-b759-5afc2da38cbe,7d135610-a893-48a2-98ec-82a5dc74ba43,"Trustee for Lake Tyers Aboriginal Trust","Lake Tyers Aboriginal Trust",42546032791,1.000
1f3b29e9-743d-4cf3-8e0a-ee148c66f94f,07bc984a-59a7-4a68-872d-8cfaa8a022aa,"The Trustee for The Australian Indian Community Charitable Trust","The Australian Indian Community Charitable Trust",58529186639,1.000
1fd872dd-eba3-4ede-a758-b94aa982dbce,b7fbeb2f-1883-477b-b09d-c0b9e018c2ce,"Life Centre Trust","THE LIFE CENTRE INC.",14904708706,1.000
2cabb1d5-c1db-4977-9711-4b773901f122,ae055299-faec-419c-91e0-493b7e68b54f,"Italian Chamber of Commerce and Industry in Australia-Melbourne Inc.","THE ITALIAN CHAMBER OF COMMERCE AND INDUSTRY IN AUSTRALIA-MELBOURNE INC.",88939912206,1.000
2f3941c9-9b6e-4abf-a3fb-e385d283e980,219f03e5-33bf-4d67-948d-cd4109f7fd32,"The Dja Dja Wurrung Clans Aboriginal Corporation","Dja Dja Wurrung Clans Aboriginal Corporation",52459162679,1.000
2f4728a6-d137-4084-9bea-b2ef73088351,666d20e8-fe8a-4eb3-a99c-379a13bd0f3e,"The Kevin Heinze Garden Centre Inc.","Kevin Heinze Garden Centre Inc",63073435291,1.000
2f853177-de5d-41e2-a656-35be6e3f7d4f,7dae63e8-57fc-4dac-9caf-2b66598c5db8,"The Wellington Inc","Wellington Aboriginal Corporation",,1.000
3171b186-f952-4b1a-89e4-0393e8efad67,aac7e316-d07f-4f0d-be9f-36fc504d260e,"The Yarra Valley Italian Cultural Group","Yarra Valley Italian Cultural Group Inc",49948930150,1.000
340b7cfc-7dae-4f73-b564-7a259ce3a2cb,2e652fe4-0edf-4e85-8ead-d9b080ea18dd,"Islamic Society of Victoria","The Islamic Society Of Victoria Incorporated",79036396525,1.000
3c4ba10a-b617-449e-aa53-96ec9cb78359,1df2df4c-95e1-45d8-bec2-0c0e16843595,"Queen Victoria Women's Centre","The Trustee For Queen Victoria Women's Centre Trust",61006499231,1.000
3d531045-75a7-4cd5-8107-19d846290ba7,f2c95ebe-d5a3-40d6-a74d-c4f5fabd8b04,"Bendigo Chinese Association Inc.","THE BENDIGO CHINESE ASSOCIATION INC",49262450348,1.000
423cb586-cc4e-49ef-b209-ca1549ddc170,2e652fe4-0edf-4e85-8ead-d9b080ea18dd,"Islamic Society of Victoria","The Islamic Society Of Victoria Incorporated",79036396525,1.000
4326d685-cafd-49ec-8035-8c92f3b4c8cc,eb677fe8-5c7a-4b34-97fa-e7c8c1a0dc23,"Finnish Society of Melbourne","THE FINNISH SOCIETY OF MELBOURNE INC.",75532243035,1.000
4fae52c9-b39e-4f65-95de-109ad33e86d7,084cd51f-db81-48af-ba31-1ee47a0061ab,"Kerang Group of the Legacy Club of Bendigo Inc","The Kerang Group Of The Legacy Club Of Bendigo Inc.",97308784470,1.000
59c7a6cc-009c-4056-b04c-e79861162908,a7553e7e-bbd8-494c-ab59-f699fb5a939e,"The Master Builders Association of Victoria","Master Builders' Association of Victoria",38004255654,1.000
5e37d1e5-cd91-4390-89dd-cb5135d2eae6,e6c27ce4-2b70-42a9-bda0-57de57143bb8,"Federation of Macedonian Senior Citizens Groups of the Northern Region of Victoria Inc.","THE FEDERATION OF MACEDONIAN SENIOR CITIZENS GROUPS OF THE NORTHERN REGION OF VICTORIA INC.",58349431251,1.000
60b6dfbb-4bb2-48ba-9219-d05fb076d43b,eec3bfe6-ebf9-4ac7-81c5-1b0e07bc4e53,"Mornington Dutch Australian Seniors Club Inc.","THE MORNINGTON DUTCH AUSTRALIAN SENIORS CLUB (INC)",13074757569,1.000
67dd47fa-412e-4963-a2b3-1840c0ec85ab,aa029540-106c-43a1-bf3b-535a3d564f63,"The Melbourne Comhaltas Inc.","MELBOURNE COMHALTAS INC",28760524401,1.000
6a45e406-2d31-4956-8010-25d331683485,4a0b9247-8525-45d3-937f-167e8debd159,"Anchor Inc.","The Trustee for ANCHOR TRUST",57971171969,1.000
6e5a8b28-0317-4687-be1a-bbaad969ed30,90b9f51c-bb9c-4939-89ed-85fb0de9086b,"Housing for the Aged Action Group Incorporated","The Housing For The Aged Action Group Inc",80348538001,1.000
7044c701-eac2-49f2-9fcb-cb22bbd1c93a,12487325-a43d-4c7f-a459-500c5e74487d,"Mentone RSL Sub-Branch","The Mentone Rsl Sub Branch Inc",79788303326,1.000
77765fa5-ded4-415d-b14f-677284e216f5,d869f245-dc62-401e-a944-8688357c5465,"Islamic Elderly Group","THE ISLAMIC ELDERLY GROUP INC",15722818151,1.000
799d34be-12ab-43ba-86ee-7c65c9580e5e,2e652fe4-0edf-4e85-8ead-d9b080ea18dd,"Islamic Society of Victoria","The Islamic Society Of Victoria Incorporated",79036396525,1.000
7f24cde8-d0db-4665-bf05-6a93cc736a57,7dae63e8-57fc-4dac-9caf-2b66598c5db8,"The Wellington Inc","Wellington Aboriginal Corporation",,1.000
84c7ffab-bfe8-4cf4-a133-fb4c6547c9dd,ffa48005-e171-4a2d-82e9-2cc36f9cbeda,"The University of Melbourne","University Of Melbourne",84002705224,1.000
85e2df55-079d-455b-814d-4236c76b4098,b298cb77-0143-42d6-b596-3a9bef00cbdf,"The Trustee for the Redundancy Payment Central Fund","The Redundancy Payment Central Fund Ltd",97007133833,1.000
88002153-c5d1-4c5a-b6ef-d9ba21f672e3,1df2df4c-95e1-45d8-bec2-0c0e16843595,"Queen Victoria Women's Centre","The Trustee For Queen Victoria Women's Centre Trust",61006499231,1.000
8908108c-0daa-44c1-9b60-b17fb1c73b12,2c57f17d-9b03-4e2f-9220-f67ebb4fd7b6,"The Trustee for Fawkner Islamic Welfare Trust","Fawkner Islamic Welfare Trust",79981223558,1.000
9b24c279-0731-443b-adbe-d63e6ede23ff,12487325-a43d-4c7f-a459-500c5e74487d,"Mentone RSL Sub-Branch Inc.","The Mentone Rsl Sub Branch Inc",79788303326,1.000
9c486af2-cae9-4af1-9a7c-32d3ab30d04c,7d135610-a893-48a2-98ec-82a5dc74ba43,"Trustee for the Lake Tyers Aboriginal Trust","Lake Tyers Aboriginal Trust",42546032791,1.000
a035fee4-a584-41d7-ba63-aeb2edef128b,9ef846c3-00fa-4997-8b2e-749dac6f72a9,"Victorian Maronite Community","THE VICTORIAN MARONITE COMMUNITY INC",33485828842,1.000
a0700634-0b8d-4597-b437-63518142a35e,91a2736a-b9fd-417c-86cc-e7088418ec31,"Young Men's Christian Association of Ballarat Youth Services INC","The Young Men's Christian Association Of Ballarat Youth Services Inc",86541900347,1.000
a2329623-5ff7-4230-b18d-a0c2573a9088,6c8eb88f-a724-4145-bfc5-4ff756df9c7b,"The Lebanese Elderly Group","LEBANESE ELDERLY GROUP INC",38374366325,1.000
a69b9887-612f-4d2e-816e-070e6a8fbfc5,2e652fe4-0edf-4e85-8ead-d9b080ea18dd,"Islamic Society of Victoria","The Islamic Society Of Victoria Incorporated",79036396525,1.000
aa0b9d72-419c-4ac3-a17a-3a58bb9d4bff,24cf32b3-4416-4eb5-a9a4-140e9c21437a,"The Mauritian Golden Age Club Inc","Mauritian Golden Age Club Inc",52472114380,1.000
aa43897b-c58f-4791-92eb-5e099a7eec3f,4c33dd31-b28b-4c65-87bd-971910daa2ed,"The Greek Orthodox Community of Broadmeadows and Districts Inc","GREEK ORTHODOX COMMUNITY OF BROADMEADOWS AND DISTRICTS",83632884421,1.000
b5140220-ec07-4737-b30e-6e10c68b0b7e,7d135610-a893-48a2-98ec-82a5dc74ba43,"The Trustee for the Lake Tyers Aboriginal Trust","Lake Tyers Aboriginal Trust",42546032791,1.000
b603bbc6-a027-49a7-bbe6-8831d4007c12,a6ad074e-6724-4cf4-970f-ceeceb7877a7,"The Learning and Life Centre (Huddle) LTD","Learning and Life Centre (Huddle) Ltd",23159776020,1.000
b65619a1-6f7a-474c-b027-a28126234a46,666d20e8-fe8a-4eb3-a99c-379a13bd0f3e,"The Kevin Heinze Garden Centre Inc","Kevin Heinze Garden Centre Inc",63073435291,1.000
b805e4ce-46ee-4f8e-b48c-7995c5c7e78c,4b1d9c00-9a3c-44f1-9612-86e650762b73,"Eritrean Community in Australia","THE ERITREAN COMMUNITY IN AUSTRALIA INC",99460492171,1.000
bb6aeb1b-1ceb-4565-8623-8fe7f07a6e98,07bc984a-59a7-4a68-872d-8cfaa8a022aa,"Australian Indian Community Charitable Trust","The Australian Indian Community Charitable Trust",58529186639,1.000
bba4c10c-1fda-4f25-87a7-d3fc40182be4,442b31d6-c446-45f0-9340-cbdd8111db7d,"The Associated Netherlands Societies in Victoria Inc","ASSOCIATED NETHERLANDS SOCIETIES IN VICTORIA INCORPORATED",54093589357,1.000
bc7eec5f-5a53-49fb-b0fb-b1383726a715,b298cb77-0143-42d6-b596-3a9bef00cbdf,"The Trustee for the Redundancy Payment Central Fund","The Redundancy Payment Central Fund Ltd",97007133833,1.000
c62ddd9a-5f8e-4711-81eb-d70089fa0b39,07416baa-dfb4-4cb6-87af-f89e3d2fb9e8,"Fiji Islamic Cultural Society of Victoria Inc.","The Fiji Islamic & Cultural Society Of Victoria Inc",28426152069,1.000
c9477b5d-a84e-4daf-a567-a60af462b095,7ca4555e-b144-4bd0-bfa4-96a213099baf,"The Salvation Army Victoria Property Trust","The Trustee for The Salvation Army (Victoria) Property Trust",64472238844,1.000
cc3a8621-dd6f-442d-b3a1-e11e261e3721,666d20e8-fe8a-4eb3-a99c-379a13bd0f3e,"The Kevin Heinze Garden Centre Inc","Kevin Heinze Garden Centre Inc",63073435291,1.000
cd96b564-488e-4500-8456-a8b7da1a62fe,07416baa-dfb4-4cb6-87af-f89e3d2fb9e8,"Fiji Islamic Cultural Society of Victoria Inc","The Fiji Islamic & Cultural Society Of Victoria Inc",28426152069,1.000
da177878-7d3b-4292-a224-dd30e0e9c1db,ae8585f9-89ab-484f-92ae-7d44617b3eef,"Turkish Islamic Society Mildura","The Turkish Islamic Society Mildura Inc.",12417895581,1.000
dbd4ef20-f691-4f24-8785-4b39bd37d88d,c0f86aad-4dc1-453a-8fd1-29f5513dee09,"Casa D’Abruzzo Club Inc","CASA D'ABRUZZO CLUB",62005340778,1.000
dbe5398c-ab2a-418f-9da3-226b800f6cd3,c0a34029-d487-4396-86cd-9ff6acf92c25,"The Ballarat Indian Association Inc.","Ballarat Indian Association Inc",88561274465,1.000
de6dae78-d5da-4396-8284-3f4961a36d76,d5b79508-6af5-4d08-846b-b58bebee22b6,"Ivanhoe Girls' Grammar School","The Ivanhoe Girls Grammar School",77004098748,1.000
e3bc2b89-f7fa-4299-9cdb-7d083eecfb58,7d135610-a893-48a2-98ec-82a5dc74ba43,"THE TRUSTEE FOR LAKE TYERS ABORIGINAL TRUST","Lake Tyers Aboriginal Trust",42546032791,1.000
e6dc4b98-d1e6-45b7-acf8-44f53b93f743,b4b75054-1ddb-45cd-9a9f-fb78597496d8,"The Olympian Society","OLYMPIAN SOCIETY INC",85032450135,1.000
ed5271ef-f067-45d7-aebe-25e620584098,91eff8c5-fc7f-4d59-abc1-962e061bf143,"The Buddhist Society of Victoria Inc.","Buddhist Society Of Victoria Inc",89738755249,1.000
ee6a200f-d7ca-4262-accd-b09f4c67f7ab,83e15ee8-7670-419b-beff-06aa01f23c00,"Anjuman-e-Saifee (Melbourne)","The Trustee For Anjuman-E-Saifee (Melbourne)",83045011412,1.000
f2dc7b9c-6d8e-4403-83e8-cc938bb5f77d,48e8a0a0-912d-408d-b8e2-5c8937c0a2da,"The Dandenong Ranges Music Council Inc","Dandenong Ranges Music Council",22320640265,1.000
f3dc4391-43b7-47e2-b267-0a20b9d3231d,7ca4555e-b144-4bd0-bfa4-96a213099baf,"The Salvation Army Victoria Property Trust","The Trustee for The Salvation Army (Victoria) Property Trust",64472238844,1.000
f434565d-9ea7-4f3c-afae-84f1ed18cf5b,7d135610-a893-48a2-98ec-82a5dc74ba43,"Trustee for the Lake Tyers Aboriginal Trust","Lake Tyers Aboriginal Trust",42546032791,1.000
f6269017-4448-47d5-8cbf-fb88eaba0e0c,f35504bf-30c9-4bc7-9c87-5b30814a6b7f,"History Teachers' Association of Victoria","THE HISTORY TEACHERS' ASSOCIATION OF VICTORIA LTD.",44005739239,1.000
feac4702-f2f9-4194-8be0-398affdec4cc,be15cbc7-187e-4f0e-8e7c-99c80912ac07,"River Nile Learning Centre","The River Nile Learning Centre Inc.",13616662134,1.000
27c86fa1-778b-40b8-afd6-0a8e678a94bb,ac8b7591-22e2-442d-bb46-ab33e0881a04,"Boroondara Chinese Senior Citizens Association Inc","THE BOROONDARA CHINESE SENIOR CITIZENSASSOCIATION INCORPORATED",31362692660,0.896
2f1d9369-0995-4285-806c-1a2de2dc8041,3cc37541-8109-4c83-91a7-ef11d4ef10d9,"The Trustee for the Auburn Road Centre Inc. Library","Auburn Road Centre Inc - Library Fund",23919988090,0.861
48ab8640-3d0e-4eb9-8f50-14e196f129a9,be15cbc7-187e-4f0e-8e7c-99c80912ac07,"River Nile Learning Centre (RNLC)","The River Nile Learning Centre Inc.",13616662134,0.871
4ba1a9dc-e4ae-490e-8541-025e2e62ea23,0217dc9e-d5ed-434e-9761-80892fd8dc10,"Greek Orthodox Community of Oakleigh and District","The Greek Orthodox Community Of Oakleigh & District Inc",78446978431,0.917
5149702b-11ad-4a0a-82f7-d3f331345b1c,e7cb8c5f-ddd2-4104-9ce3-da7f4cfba0a5,"Melbourne Irish Festival Committee","THE MELBOURNE IRISH FESTIVAL COMMITTEEINC",68587427396,0.872
615d0b58-89db-4c0f-a57b-f10a5506c93a,219f03e5-33bf-4d67-948d-cd4109f7fd32,"The Dja Wurrung Clans Aboriginal Corporation","Dja Dja Wurrung Clans Aboriginal Corporation",52459162679,1
61f3f874-f135-473c-abc8-a6e0ce7f9683,c66c0da2-bce2-49f9-96ad-c8737b160969,"The Greek Orthodox Community Box Hill and Districts Inc.","Greek Orthodox Community Box Hill & Districts Inc",17363433510,0.915
69c0cacd-72db-44b3-8850-70e8e85725bb,4ac3631c-67f2-488f-a735-6d5b33f391fa,"Macedonian Community Cultural Heritage Society Shepparton and District Inc.","THE MACEDONIAN COMMUNITY CULTURAL HERITAGE SOCIETY SHEPPARTON & DISTRICT INC",21984824051,0.941
6b27c7cb-977f-49c2-aa46-9b45185abb2a,be15cbc7-187e-4f0e-8e7c-99c80912ac07,"River Nile Learning Centre (RNLC)","The River Nile Learning Centre Inc.",13616662134,0.871
7d48438d-a769-444b-89e4-afe6646fd4f3,393affdf-9ad2-4d64-8fc1-6ff7690c5407,"Nigeria Society of Victoria(NSV)","THE NIGERIAN SOCIETY OF VICTORIA",11886467757,0.871
af34bc5e-1c48-430b-8951-e99a9c2c7002,0217dc9e-d5ed-434e-9761-80892fd8dc10,"Greek Orthodox Community of Oakleigh and District","The Greek Orthodox Community Of Oakleigh & District Inc",78446978431,0.917
bbdfc543-3020-438f-8542-fc618c9011d0,219f03e5-33bf-4d67-948d-cd4109f7fd32,"The Dja Wurrung Clans Aboriginal Corporation","Dja Dja Wurrung Clans Aboriginal Corporation",52459162679,1
d399789f-c46a-4895-b9ea-00fa10583227,219f03e5-33bf-4d67-948d-cd4109f7fd32,"THE DJA WURRUNG CLANS ABORIGINAL CORPORATION","Dja Dja Wurrung Clans Aboriginal Corporation",52459162679,1
e8d2e02c-fd1e-4cba-a20e-845f94d8cbd3,b2bea182-6fea-40d5-86c5-ba647679cecb,"Rumbalara Football and Netball Club Inc","THE RUMBALARA FOOTBALL NETBALL CLUB INC.",24424233615,0.871
f3f34d27-307a-4348-85f0-04162f877100,cdb1cd95-e073-4607-8ccf-fb7cca92bafa,"The Goan Overseas Association Incorporated","GOAN OVERSEAS ASSOCIATION NSW INCORPORATED",66301285421,0.867