name,kind,state,place,confidence,abn,gs_id,why
"Bawinanga Aboriginal Corporation","builder","NT","Maningrida","none","","","no exact name in gs_entities"
"Thamarrurr Development Corporation","community_org","NT","Wadeye","none","","","no exact name in gs_entities"
"Roper Gulf Regional Council","council","NT","Big Rivers","none","","","no exact name in gs_entities"
"Miwatj Health Aboriginal Corporation","health_service","NT","East Arnhem","high","96843428729","AU-ABN-96843428729","one exact-name record, same state"
"Anyinginyi Health Aboriginal Corporation","health_service","NT","Tennant Creek","high","97329483372","AU-ABN-97329483372","one exact-name record, same state"
"Centrecorp Foundation","royalty","NT","Central Australia","high","31136052796","AU-ABN-31136052796","one exact-name record, same state"
"East Arnhem Regional Council","council","NT","East Arnhem","none","","","no exact name in gs_entities"
"Homeland School Company","education","NT","Maningrida","none","","","no exact name in gs_entities"
"Julalikari Council Aboriginal Corporation","council","NT","Tennant Creek","high","52109391552","AU-ABN-52109391552","one exact-name record, same state"
"Mala'la Health Service Aboriginal Corporation","health_service","NT","Maningrida","high","89357836457","AU-ABN-89357836457","one exact-name record, same state"
"Oonchiumpa Consultancy and Services","community_org","NT","Alice Springs","none","","","no exact name in gs_entities"
"Palm Island Community Company","community_org","QLD","Palm Island","none","","","no exact name in gs_entities"
"The Community Shed","community_org","WA","Kalgoorlie","none","","","no exact name in gs_entities"
"Urapuntja Aboriginal Corporation","community_org","NT","Utopia Homelands","high","90789369670","AU-ABN-90789369670","one exact-name record, same state"
"Wilya Janta","community_org","NT","Tennant Creek","none","","","no exact name in gs_entities"
"Winnellie Health Service Aboriginal Corporation (WHSAC)","health_service","NT","Groote Archipelago","none","","","no exact name in gs_entities"
"Bukmak Constructions Pty Ltd","builder","NT","Galiwin'ku","none","","","no exact name in gs_entities"
"Binjari Community Aboriginal Corporation","builder","NT","Katherine region","high","36057252298","AU-ABN-36057252298","one exact-name record, same state"
"Central Land Council","land_council","NT","Central Australia","high","71979619393","AU-ABN-71979619393","one exact-name record, same state"
"The Arnhem Land Progress Aboriginal Corporation (ALPA)","store","NT","27 remote locations","none","","","no exact name in gs_entities"
"MacDonnell Regional Council","council","NT","Central Australia","none","","","no exact name in gs_entities"
"West Arnhem Regional Council","builder","NT","Darwin Region","high","45065336873","AU-ABN-45065336873","one exact-name record, same state"
"Aminjarrinja Enterprises Aboriginal Corporation","builder","NT","Housing Maintenance Program","high","36311427825","AU-ABN-36311427825","one exact-name record, same state"
"Sonwane Pty Limited as Trustee for Tangentyere Charitable No. 2","builder","NT","Alice Springs","none","","","no exact name in gs_entities"
"Bathurst Island Housing Association Incorporated","builder","NT","Arafura Region","none","","","no exact name in gs_entities"
"Roper Gulf Shire Council","builder","NT","Big Rivers Region","high","94746956090","AU-ABN-94746956090","one exact-name record, same state"
"Northern Land Council","land_council","NT","Top End","high","56327515336","AU-ABN-56327515336","one exact-name record, same state"
"Tangentyere Council Aboriginal Corporation","council","NT","Alice Springs","high","81688672692","AU-ABN-81688672692","one exact-name record, same state"
"Anindilyakwa Housing Aboriginal Corporation","housing_provider","","","check","20540220127","AU-ABN-20540220127","1 exact-name records, none in "
"Tiwi Land Council","land_council","NT","Tiwi Islands","high","86106441085","AU-ABN-86106441085","one exact-name record, same state"
"Aboriginal Medical Services Alliance Northern Territory Aboriginal Corporation","health_service","","","check","26263401676","AU-ABN-26263401676","1 exact-name records, none in "
"Central Australian Aboriginal Congress","health_service","NT","Alice Springs","none","","","no exact name in gs_entities"
"Laynhapuy Homelands Aboriginal Corporation","community_org","","","check","86695642473","AU-ABN-86695642473","1 exact-name records, none in "
"Peak Hill Local Aboriginal Land Council","land_council","","","check","81813013475","AU-ABN-81813013475","1 exact-name records, none in "
"Anindilyakwa Land Council","land_council","NT","Groote Archipelago","high","45175406445","AU-ABN-45175406445","one exact-name record, same state"
"Katherine West Health Board Aboriginal Corporation","health_service","NT","Katherine","high","23351866925","AU-ABN-23351866925","one exact-name record, same state"
"Juunjuwarra Aboriginal Corporation","community_org","","","check","20733551348","AU-ABN-20733551348","1 exact-name records, none in "
"Milingimbi and Outstations Progress Resources Aboriginal Corporation","store","","","check","95362856173","AU-ABN-95362856173","1 exact-name records, none in "
"Aboriginal Housing Northern Territory","housing_provider","NT","Territory wide","none","","","no exact name in gs_entities"
"Aurukun Shire Council","council","QLD","Aurukun","high","32338490426","AU-ABN-32338490426","one exact-name record, same state"
"Central Desert Regional Council","council","NT","Central Australia","none","","","no exact name in gs_entities"
"Cherbourg Aboriginal Shire Council","council","QLD","Cherbourg","high","17862722505","AU-ABN-17862722505","one exact-name record, same state"
"Danila Dilba Health Service","health_service","NT","Darwin","none","","","no exact name in gs_entities"
"Doomadgee Aboriginal Shire Council","council","QLD","Doomadgee","high","64535061721","AU-ABN-64535061721","one exact-name record, same state"
"Kimberley Regional Service Providers","housing_provider","WA","Kimberley","none","","","no exact name in gs_entities"
"Kowanyama Aboriginal Shire Council","council","QLD","Kowanyama","none","","","no exact name in gs_entities"
"Marthakal Homelands and Resource Centre Aboriginal Corporation","housing_provider","NT","Galiwinku","high","17397988374","AU-ABN-17397988374","one exact-name record, same state"
"Mowanjum Aboriginal Corporation","housing_provider","WA","Derby","high","38721336893","AU-ABN-38721336893","one exact-name record, same state"
"Ngaanyatjarra Council Aboriginal Corporation","housing_provider","WA","Ngaanyatjarra Lands","none","","","no exact name in gs_entities"
"Nganampa Health Council","health_service","SA","APY Lands","none","","","no exact name in gs_entities"
"Nirrumbuk Aboriginal Corporation","housing_provider","WA","Broome","high","72899384821","AU-ABN-72899384821","one exact-name record, same state"
"Outback Stores","store","NT","NT, WA, QLD","none","","","no exact name in gs_entities"
"Palm Island Aboriginal Shire Council","council","QLD","Palm Island","high","68799811816","AU-ABN-68799811816","one exact-name record, same state"
"Pilbara Meta Maya Regional Aboriginal Corporation","housing_provider","WA","Pilbara","high","63954974254","AU-ABN-63954974254","one exact-name record, same state"
"SAACCON","housing_provider","SA","South Australia","none","","","no exact name in gs_entities"
"Sunrise Health Service Aboriginal Corporation","health_service","NT","Katherine region","high","26778213582","AU-ABN-26778213582","one exact-name record, same state"
"Torres Strait Island Regional Council","council","QLD","Torres Strait","high","15292645165","AU-ABN-15292645165","one exact-name record, same state"
"Woorabinda Aboriginal Shire Council","council","QLD","Woorabinda","none","","","no exact name in gs_entities"
"Wunan Foundation","housing_provider","WA","Halls Creek","none","","","no exact name in gs_entities"
"Yarrabah Aboriginal Shire Council","council","QLD","Yarrabah","check","15093924706","AU-ABN-15093924706","2 exact-name records, 2 in QLD"
"Akron Group NT Pty Ltd","builder","NT","Darwin","high","60158046425","AU-ABN-60158046425","one exact-name record, same state"
"InterSystems Australia Pty Ltd","builder","NT","Implementation, Support and Ma","none","","","no exact name in gs_entities"
"DT Hobbs Pty Ltd","builder","NT","Darwin Region","none","","","no exact name in gs_entities"
"C & R Constructions Pty Ltd","builder","NT","Darwin Region","none","","","no exact name in gs_entities"
"Quality Plumbing & Building Contractors Pty Ltd","builder","NT","Greater Darwin Region","none","","","no exact name in gs_entities"
"Craven Diesel Services Pty Ltd","builder","NT","Katherine Region","none","","","no exact name in gs_entities"
"WTD Constructions Pty Ltd","builder","NT","Arafura Region","high","24151412789","AU-ABN-24151412789","one exact-name record, same state"
"Precision Group (NT) Pty Ltd as The Trustee for C Kantros Family Trust","builder","NT","Darwin Region","none","","","no exact name in gs_entities"
"Sterling NT Pty Ltd","builder","NT","Greater Darwin Region","none","","","no exact name in gs_entities"
"Masterpath Pty Ltd","builder","NT","Alice Springs Region","none","","","no exact name in gs_entities"
"Asbuild (NT) Pty Ltd","builder","NT","Alice Springs Region","none","","","no exact name in gs_entities"
"Paradise Landscaping (NT) Pty Ltd","builder","NT","Darwin","none","","","no exact name in gs_entities"
"LA Build Pty Ltd","builder","NT","Katherine Region","high","19644379626","AU-ABN-19644379626","one exact-name record, same state"
"Blueprint (NT) Pty Ltd","builder","NT","Tennant Creek Region","check","67005267096","AU-ABN-67005267096","1 exact-name records, none in NT"
"Pedersen NT Pty Ltd","builder","NT","Alice Springs Region","none","","","no exact name in gs_entities"
"Shawnco Pty Ltd","builder","NT","Alice Springs","check","20074493584","AU-ABN-20074493584","1 exact-name records, none in NT"
"Woodhill & Sons Pty Ltd","builder","NT","Katherine Region","none","","","no exact name in gs_entities"
"B & K Investments (NT) Pty Limited","builder","NT","Darwin Region","none","","","no exact name in gs_entities"
"Murray River North Pty Ltd","builder","NT","Alice Springs Region","check","26009265909","AU-ABN-26009265909","1 exact-name records, none in NT"
"A1 Plant and Civil Pty Limited","builder","NT","East Arnhem Region","high","96168464882","AU-ABN-96168464882","one exact-name record, same state"
"Scott Hammet Building and Carpentry Pty Ltd","builder","NT","Arafura Region","none","","","no exact name in gs_entities"
"Colemans Contracting & Earthmoving Pty Ltd","builder","NT","Darwin Region","none","","","no exact name in gs_entities"
"Olympus Australia Pty Ltd","builder","NT","All Centres","check","90078493295","AU-ABN-90078493295","1 exact-name records, none in NT"
"M and C Fior Constructions Pty Ltd","builder","NT","Alice Springs Region","none","","","no exact name in gs_entities"
"Phillips Earthmoving Contractors Pty Ltd","builder","NT","Tennant Creek Region","high","30104251738","AU-ABN-30104251738","one exact-name record, same state"
"Hakiba Pty Ltd","builder","NT","Darwin Region","none","","","no exact name in gs_entities"
"Ri-con Contractors Pty Ltd","builder","NT","Tennant Creek","check","16098030098","AU-ABN-16098030098","1 exact-name records, none in NT"
"Northern Transportables Pty Ltd","builder","NT","All Centres","high","22009636882","AU-ABN-22009636882","one exact-name record, same state"
"Power Projects (NT) Pty Ltd","builder","NT","Katherine","none","","","no exact name in gs_entities"
"Downer Edi Works Pty Ltd","builder","NT","Tennant Creek Region","none","","","no exact name in gs_entities"
"Rusca Developments Pty Ltd","builder","NT","Darwin Region","high","83628012573","AU-ABN-83628012573","one exact-name record, same state"
"Hitachi  Data Systems Australia Pty Ltd","builder","NT","Darwin","none","","","no exact name in gs_entities"
"KG Kimlin Pty Ltd","builder","NT","Alice Springs","high","16608008091","AU-ABN-16608008091","one exact-name record, same state"
"Parkmore Investments Pty Limited","builder","NT","Repairs and Maintenance of Chi","none","","","no exact name in gs_entities"
"AUS Projects NT (Pty Ltd)","builder","NT","Northern Region","none","","","no exact name in gs_entities"
"NJ Homes (NT) Pty Ltd","builder","NT","Katherine Region","high","52160335811","AU-ABN-52160335811","one exact-name record, same state"
"Far Northern Contractors Pty Ltd","builder","NT","Barkly Region","high","51007858684","AU-ABN-51007858684","one exact-name record, same state"
"Ingkerreke Commercial Pty Ltd as Trustee for the Ingkerreke Operational Trust","builder","NT","Barkly Region","none","","","no exact name in gs_entities"
"F & J BItumen Services Pty Ltd","builder","NT","Katherine Region","none","","","no exact name in gs_entities"
"Precision Group Pty Ltd as trustee for the C Kantros Family Trust","builder","NT","Greater Darwin Region","none","","","no exact name in gs_entities"
"Auskron Pty Ltd","builder","NT","Royal Darwin Hospital and Palm","high","77644236420","AU-ABN-77644236420","one exact-name record, same state"
"Ribshire Pty Ltd","builder","NT","East Arnhem Region","none","","","no exact name in gs_entities"
"S&R Building & Construction Pty Ltd","builder","NT","Central Australia Region","none","","","no exact name in gs_entities"
"Cairns Industries Pty Ltd","builder","NT","Big Rivers Region","high","54120694484","AU-ABN-54120694484","one exact-name record, same state"
"Quality Plumbing and Building Contractors Pty Ltd","builder","NT","Alice Springs","none","","","no exact name in gs_entities"
"Remote Build (NT) Pty Ltd","builder","NT","Barkly Region","high","80606143364","AU-ABN-80606143364","one exact-name record, same state"
"GT Builders Pty Ltd","builder","NT","Katherine Region","high","70099008885","AU-ABN-70099008885","one exact-name record, same state"
"MG Electrical Services Pty Ltd","builder","NT","All Centres","high","13009625496","AU-ABN-13009625496","one exact-name record, same state"
"Deltareef Pty Ltd","builder","NT","Darwin","none","","","no exact name in gs_entities"
"Top End Resources Pty Ltd","builder","NT","Darwin Region","high","24627296306","AU-ABN-24627296306","one exact-name record, same state"
"GEBIE Civil and Construction Pty Ltd","builder","NT","Arnhem Region","high","31144955528","AU-ABN-31144955528","one exact-name record, same state"
"Probuild (NT) Pty Ltd","builder","NT","Darwin Region","check","37059042009","AU-ABN-37059042009","1 exact-name records, none in NT"
"United Air Conditioning and Mechanical Services Pty Ltd","builder","NT","Darwin Region","high","33151789070","AU-ABN-33151789070","one exact-name record, same state"
"Scott Hammet Building & Carpentry Pty Ltd","builder","NT","Katherine Region","none","","","no exact name in gs_entities"
"NTEX Pty Ltd","builder","NT","Darwin","none","","","no exact name in gs_entities"
"LP Airconditioning Pty Ltd","builder","NT","Darwin","high","29159023588","AU-ABN-29159023588","one exact-name record, same state"
"Remote Area Machinery Hire NT Pty Ltd","builder","NT","Alice Springs Region","high","91141465027","AU-ABN-91141465027","one exact-name record, same state"
"IBM Australia Limited","builder","NT","Darwin","check","79000024733","AU-ABN-79000024733","1 exact-name records, none in NT"
"REMOTE AREA MACHINERY HIRE","builder","NT","Alice Springs","none","","","no exact name in gs_entities"
"Morningside Electrical Contractors and Consultants Pty Ltd","builder","NT","East Arnhem Region","none","","","no exact name in gs_entities"
"Nilsen (NT) Pty Ltd","builder","NT","Darwin Region","none","","","no exact name in gs_entities"
"Honeywell Ltd","builder","NT","Darwin","check","18000383764","AU-ABN-18000383764","1 exact-name records, none in NT"
"DJ Air & Electrical Services Pty Ltd","builder","NT","Big Rivers Region","none","","","no exact name in gs_entities"
"NT Link Pty Ltd","builder","NT","All Centres","high","32009621014","AU-ABN-32009621014","one exact-name record, same state"
"Spears Construction (NT) Pty Ltd","builder","NT","Alice Springs","none","","","no exact name in gs_entities"
"Trustee for AA Essential Services Trust","builder","NT","Northern Region","none","","","no exact name in gs_entities"
"E-P-G Solutions Pty Ltd","builder","NT","Panel Contract for Repairs, Ma","high","71642204902","AU-ABN-71642204902","one exact-name record, same state"
"Zenco Constructions Pty Ltd","builder","NT","Nhulunbuy","high","24151445573","AU-ABN-24151445573","one exact-name record, same state"
"PTM Group Pty Ltd","builder","NT","All Centres","high","86067318058","AU-ABN-86067318058","one exact-name record, same state"
"Scope Building NT Pty Ltd","builder","NT","Alice Springs Region","high","35094719730","AU-ABN-35094719730","one exact-name record, same state"
"Emperor Refrigeration Pty Ltd","builder","NT","Alice Springs Region","high","93135374220","AU-ABN-93135374220","one exact-name record, same state"
"Harvey Developments (NT) Pty Ltd","builder","NT","Barkly Region","high","33142861612","AU-ABN-33142861612","one exact-name record, same state"
"Security & Technology Services (NT) Pty Ltd","builder","NT","Royal Darwin Hospital Campus","none","","","no exact name in gs_entities"
"Whatareya Pty Ltd","builder","NT","Alice Springs Region","high","82128309857","AU-ABN-82128309857","one exact-name record, same state"
"Regional Asset Maintenance Services Pty Ltd","builder","NT","Darwin Waterfront Precinct","none","","","no exact name in gs_entities"
"Power Projects NT (Pty Ltd)","builder","NT","Big Rivers Region","none","","","no exact name in gs_entities"
"DJC Build Pty Ltd","builder","NT","East Arnhem Region","high","39603131157","AU-ABN-39603131157","one exact-name record, same state"
"Defend Fire Services Pty Ltd","builder","NT","Darwin","high","94165236500","AU-ABN-94165236500","one exact-name record, same state"
"Hawkins and Clements Pty Ltd as Trustee for Hawkins and Clements Unit Trust","builder","NT","Northern Region","none","","","no exact name in gs_entities"
"Siemens Healthcare Pty Ltd","builder","NT","All Centres","check","86604853938","AU-ABN-86604853938","2 exact-name records, none in NT"
"Scatt's Plumbing Services Pty Ltd","builder","NT","Katherine","high","31116976071","AU-ABN-31116976071","one exact-name record, same state"
"Insight Oceania Quantum Healthcare Group Pty Ltd","builder","NT","Royal Darwin Hospital","none","","","no exact name in gs_entities"
"B & K Investments NT Pty Ltd","builder","NT","All Centres","none","","","no exact name in gs_entities"
"Harvey Developments NT Pty Ltd","builder","NT","Barkly Region","none","","","no exact name in gs_entities"
"Demountable Sales and Hire Pty Ltd","builder","NT","All Regions","none","","","no exact name in gs_entities"
"GK Painting Contractors Pty Limited","builder","NT","Barkly Region","none","","","no exact name in gs_entities"
"Damday Pty Ltd","builder","NT","Darwin","none","","","no exact name in gs_entities"
"Wilson Security Pty Ltd","builder","NT","Health House","check","90127406295","AU-ABN-90127406295","1 exact-name records, none in NT"
"Veolia Energy Technical Services Pty Ltd","builder","NT","Darwin Region","check","46064584587","AU-ABN-46064584587","1 exact-name records, none in NT"
"Micca Holdings Pty Ltd","builder","NT","Panel Contract for Repairs, Ma","none","","","no exact name in gs_entities"
"Suffren Contracting and Plant Hire Pty Ltd","builder","NT","Katherine Region","none","","","no exact name in gs_entities"
"Remote Area Machinery NT Hire Pty Ltd","builder","NT","Alice Springs","none","","","no exact name in gs_entities"
"Australian Maritime Systems Pty Ltd","builder","NT","Darwin Port Corporation","none","","","no exact name in gs_entities"
"Atkin Building Co Pty Ltd","builder","NT","Big Rivers Region","none","","","no exact name in gs_entities"
"Ausplumb (NT) Pty Limited","builder","NT","Darwin Region","high","34128244351","AU-ABN-34128244351","one exact-name record, same state"
"Bitumax Pty Limited","builder","NT","Alice Springs Region","none","","","no exact name in gs_entities"
"Ross Engineering Pty Ltd","builder","NT","Alice Springs Region","none","","","no exact name in gs_entities"
"ICRG North Pty Ltd","builder","NT","Katherine Region","high","79165886144","AU-ABN-79165886144","one exact-name record, same state"
"Hastings Deering (Aust) Ltd","builder","NT","All Centres","none","","","no exact name in gs_entities"
"Custom AV Pty Ltd","builder","NT","Royal Darwin Hospital","high","48109185551","AU-ABN-48109185551","one exact-name record, same state"
"Birubi Australia Pty Ltd","supplier","SA","Adelaide and Whyalla","high","12164458628","AU-ABN-12164458628","one exact-name record, same state"
"RIDEM Pty Ltd t/a Dexter Barnes Electrical","supplier","NT","Tennant Creek","none","","","no exact name in gs_entities"
